Record Date,Security Type Description,Security Description,Average Interest Rate Amount,Source Line Number,Fiscal Year,Fiscal Quarter Number,Calendar Year,Calendar Quarter Number,Calendar Month Number,Calendar Day Number
2021-10-31,Marketable,Treasury Bills,0.056,1,2022,1,2021,4,10,31
2021-10-31,Marketable,Treasury Notes,1.441,2,2022,1,2021,4,10,31
2021-10-31,Marketable,Treasury Bonds,3.116,3,2022,1,2021,4,10,31
2021-10-31,Marketable,Treasury Inflation Protected Securities (TIPS),0.465,4,2022,1,2021,4,10,31
2021-10-31,Marketable,Treasury Floating Rate Notes (FRN),0.119,5,2022,1,2021,4,10,31
2021-10-31,Marketable,Federal Financing Bank,2.598,6,2022,1,2021,4,10,31
2021-10-31,Marketable,Total Marketable,1.455,7,2022,1,2021,4,10,31
2021-10-31,Non-marketable,Domestic Series,7.577,8,2022,1,2021,4,10,31
2021-10-31,Non-marketable,Special Purpose Vehicle,0.030,9,2022,1,2021,4,10,31
2021-10-31,Non-marketable,Foreign Series,7.312,10,2022,1,2021,4,10,31
2021-10-31,Non-marketable,State and Local Government Series,0.748,11,2022,1,2021,4,10,31
2021-10-31,Non-marketable,United States Savings Securities,2.522,12,2022,1,2021,4,10,31
2021-10-31,Non-marketable,United States Savings Inflation Securities,5.272,13,2022,1,2021,4,10,31
2021-10-31,Non-marketable,Government Account Series,2.104,14,2022,1,2021,4,10,31
2021-10-31,Non-marketable,Government Account Series Inflation Securities,0.988,15,2022,1,2021,4,10,31
2021-10-31,Non-marketable,Total Non-marketable,2.077,16,2022,1,2021,4,10,31
2021-10-31,Interest-bearing Debt,Total Interest-bearing Debt,1.592,17,2022,1,2021,4,10,31
2021-09-30,Marketable,Treasury Bills,0.053,1,2021,4,2021,3,09,30
2021-09-30,Marketable,Treasury Notes,1.450,2,2021,4,2021,3,09,30
2021-09-30,Marketable,Treasury Bonds,3.124,3,2021,4,2021,3,09,30
2021-09-30,Marketable,Treasury Inflation Protected Securities (TIPS),0.492,4,2021,4,2021,3,09,30
2021-09-30,Marketable,Treasury Floating Rate Notes (FRN),0.435,5,2021,4,2021,3,09,30
2021-09-30,Marketable,Federal Financing Bank,2.598,6,2021,4,2021,3,09,30
2021-09-30,Marketable,Total Marketable,1.470,7,2021,4,2021,3,09,30
2021-09-30,Non-marketable,Domestic Series,7.577,8,2021,4,2021,3,09,30
2021-09-30,Non-marketable,Special Purpose Vehicle,0.020,9,2021,4,2021,3,09,30
2021-09-30,Non-marketable,Foreign Series,7.312,10,2021,4,2021,3,09,30
2021-09-30,Non-marketable,State and Local Government Series,0.734,11,2021,4,2021,3,09,30
2021-09-30,Non-marketable,United States Savings Securities,2.518,12,2021,4,2021,3,09,30
2021-09-30,Non-marketable,United States Savings Inflation Securities,4.822,13,2021,4,2021,3,09,30
2021-09-30,Non-marketable,Government Account Series,2.123,14,2021,4,2021,3,09,30
2021-09-30,Non-marketable,Government Account Series Inflation Securities,1.106,15,2021,4,2021,3,09,30
2021-09-30,Non-marketable,Total Non-marketable,2.092,16,2021,4,2021,3,09,30
2021-09-30,Interest-bearing Debt,Total Interest-bearing Debt,1.605,17,2021,4,2021,3,09,30
2021-08-31,Marketable,Treasury Bills,0.051,1,2021,4,2021,3,08,31
2021-08-31,Marketable,Treasury Notes,1.470,2,2021,4,2021,3,08,31
2021-08-31,Marketable,Treasury Bonds,3.145,3,2021,4,2021,3,08,31
2021-08-31,Marketable,Treasury Inflation Protected Securities (TIPS),0.507,4,2021,4,2021,3,08,31
2021-08-31,Marketable,Treasury Floating Rate Notes (FRN),0.142,5,2021,4,2021,3,08,31
2021-08-31,Marketable,Federal Financing Bank,2.598,6,2021,4,2021,3,08,31
2021-08-31,Marketable,Total Marketable,1.458,7,2021,4,2021,3,08,31
2021-08-31,Non-marketable,Domestic Series,7.577,8,2021,4,2021,3,08,31
2021-08-31,Non-marketable,Special Purpose Vehicle,0.020,9,2021,4,2021,3,08,31
2021-08-31,Non-marketable,Foreign Series,7.312,10,2021,4,2021,3,08,31
2021-08-31,Non-marketable,State and Local Government Series,0.727,11,2021,4,2021,3,08,31
2021-08-31,Non-marketable,United States Savings Securities,2.514,12,2021,4,2021,3,08,31
2021-08-31,Non-marketable,United States Savings Inflation Securities,4.587,13,2021,4,2021,3,08,31
2021-08-31,Non-marketable,Government Account Series,2.130,14,2021,4,2021,3,08,31
2021-08-31,Non-marketable,Government Account Series Inflation Securities,1.106,15,2021,4,2021,3,08,31
2021-08-31,Non-marketable,Total Non-marketable,2.094,16,2021,4,2021,3,08,31
2021-08-31,Interest-bearing Debt,Total Interest-bearing Debt,1.595,17,2021,4,2021,3,08,31
2021-07-31,Non-marketable,Total Non-marketable,2.081,16,2021,4,2021,3,07,31
2021-07-31,Marketable,Treasury Bills,0.047,1,2021,4,2021,3,07,31
2021-07-31,Marketable,Treasury Notes,1.512,2,2021,4,2021,3,07,31
2021-07-31,Marketable,Treasury Bonds,3.196,3,2021,4,2021,3,07,31
2021-07-31,Marketable,Treasury Inflation Protected Securities (TIPS),0.512,4,2021,4,2021,3,07,31
2021-07-31,Marketable,Treasury Floating Rate Notes (FRN),0.145,5,2021,4,2021,3,07,31
2021-07-31,Marketable,Federal Financing Bank,2.598,6,2021,4,2021,3,07,31
2021-07-31,Marketable,Total Marketable,1.476,7,2021,4,2021,3,07,31
2021-07-31,Non-marketable,Domestic Series,7.577,8,2021,4,2021,3,07,31
2021-07-31,Non-marketable,Special Purpose Vehicle,0.030,9,2021,4,2021,3,07,31
2021-07-31,Non-marketable,Foreign Series,7.312,10,2021,4,2021,3,07,31
2021-07-31,Non-marketable,State and Local Government Series,0.724,11,2021,4,2021,3,07,31
2021-07-31,Non-marketable,United States Savings Securities,2.510,12,2021,4,2021,3,07,31
2021-07-31,Non-marketable,United States Savings Inflation Securities,4.334,13,2021,4,2021,3,07,31
2021-07-31,Non-marketable,Government Account Series,2.116,14,2021,4,2021,3,07,31
2021-07-31,Non-marketable,Government Account Series Inflation Securities,1.106,15,2021,4,2021,3,07,31
2021-07-31,Interest-bearing Debt,Total Interest-bearing Debt,1.613,17,2021,4,2021,3,07,31
2021-06-30,Marketable,Treasury Bills,0.045,1,2021,3,2021,2,06,30
2021-06-30,Marketable,Treasury Notes,1.524,2,2021,3,2021,2,06,30
2021-06-30,Marketable,Treasury Bonds,3.208,3,2021,3,2021,2,06,30
2021-06-30,Marketable,Treasury Inflation-Protected Securities (TIPS),0.522,4,2021,3,2021,2,06,30
2021-06-30,Marketable,Treasury Floating Rate Note (FRN),0.155,5,2021,3,2021,2,06,30
2021-06-30,Marketable,Federal Financing Bank,2.598,6,2021,3,2021,2,06,30
2021-06-30,Marketable,Total Marketable,1.472,7,2021,3,2021,2,06,30
2021-06-30,Non-marketable,Domestic Series,7.577,8,2021,3,2021,2,06,30
2021-06-30,Non-marketable,Special Purpose Vehicle,0.030,9,2021,3,2021,2,06,30
2021-06-30,Non-marketable,Foreign Series,7.312,10,2021,3,2021,2,06,30
2021-06-30,Non-marketable,State and Local Government Series,0.809,11,2021,3,2021,2,06,30
2021-06-30,Non-marketable,United States Savings Securities,2.504,12,2021,3,2021,2,06,30
2021-06-30,Non-marketable,United States Savings Inflation Securities,3.973,13,2021,3,2021,2,06,30
2021-06-30,Non-marketable,Government Account Series,2.105,14,2021,3,2021,2,06,30
2021-06-30,Non-marketable,Government Account Series Inflation Securities,1.106,15,2021,3,2021,2,06,30
2021-06-30,Non-marketable,Total Non-marketable,2.075,16,2021,3,2021,2,06,30
2021-06-30,Interest-bearing Debt,Total Interest-bearing Debt,1.609,17,2021,3,2021,2,06,30
2021-05-31,Marketable,Treasury Bills,0.049,1,2021,3,2021,2,05,31
2021-05-31,Marketable,Treasury Notes,1.562,2,2021,3,2021,2,05,31
2021-05-31,Marketable,Treasury Bonds,3.236,3,2021,3,2021,2,05,31
2021-05-31,Marketable,Treasury Inflation-Protected Securities (TIPS),0.546,4,2021,3,2021,2,05,31
2021-05-31,Marketable,Treasury Floating Rate Note (FRN),0.129,5,2021,3,2021,2,05,31
2021-05-31,Marketable,Federal Financing Bank,2.644,6,2021,3,2021,2,05,31
2021-05-31,Marketable,Total Marketable,1.485,7,2021,3,2021,2,05,31
2021-05-31,Non-marketable,Domestic Series,7.577,8,2021,3,2021,2,05,31
2021-05-31,Non-marketable,Special Purpose Vehicle,0.000,9,2021,3,2021,2,05,31
2021-05-31,Non-marketable,Foreign Series,7.312,10,2021,3,2021,2,05,31
2021-05-31,Non-marketable,State and Local Government Series,0.817,11,2021,3,2021,2,05,31
2021-05-31,Non-marketable,United States Savings Securities,2.497,12,2021,3,2021,2,05,31
2021-05-31,Non-marketable,United States Savings Inflation Securities,3.694,13,2021,3,2021,2,05,31
2021-05-31,Non-marketable,Government Account Series,2.230,14,2021,3,2021,2,05,31
2021-05-31,Non-marketable,Government Account Series Inflation Securities,1.106,15,2021,3,2021,2,05,31
2021-05-31,Non-marketable,Total Non-marketable,2.191,16,2021,3,2021,2,05,31
2021-05-31,Interest-bearing Debt,Total Interest-bearing Debt,1.647,17,2021,3,2021,2,05,31
2021-04-30,Marketable,Treasury Notes,1.585,2,2021,3,2021,2,04,30
2021-04-30,Marketable,Treasury Bonds,3.264,3,2021,3,2021,2,04,30
2021-04-30,Marketable,Treasury Inflation-Protected Securities (TIPS),0.558,4,2021,3,2021,2,04,30
2021-04-30,Marketable,Treasury Floating Rate Note (FRN),0.138,5,2021,3,2021,2,04,30
2021-04-30,Marketable,Federal Financing Bank,2.644,6,2021,3,2021,2,04,30
2021-04-30,Marketable,Total Marketable,1.491,7,2021,3,2021,2,04,30
2021-04-30,Non-marketable,Domestic Series,7.577,8,2021,3,2021,2,04,30
2021-04-30,Non-marketable,Special Purpose Vehicle,0.010,9,2021,3,2021,2,04,30
2021-04-30,Non-marketable,Foreign Series,7.312,10,2021,3,2021,2,04,30
2021-04-30,Non-marketable,State and Local Government Series,0.839,11,2021,3,2021,2,04,30
2021-04-30,Non-marketable,United States Savings Securities,2.493,12,2021,3,2021,2,04,30
2021-04-30,Non-marketable,United States Savings Inflation Securities,3.425,13,2021,3,2021,2,04,30
2021-04-30,Non-marketable,Government Account Series,2.246,14,2021,3,2021,2,04,30
2021-04-30,Non-marketable,Government Account Series Inflation Securities,1.106,15,2021,3,2021,2,04,30
2021-04-30,Non-marketable,Total Non-marketable,2.207,16,2021,3,2021,2,04,30
2021-04-30,Interest-bearing Debt,Total Interest-bearing Debt,1.653,17,2021,3,2021,2,04,30
2021-04-30,Marketable,Treasury Bills,0.060,1,2021,3,2021,2,04,30
2021-03-31,Marketable,Treasury Notes,1.613,2,2021,2,2021,1,03,31
2021-03-31,Marketable,Treasury Bonds,3.282,3,2021,2,2021,1,03,31
2021-03-31,Marketable,Treasury Inflation-Protected Securities (TIPS),0.569,4,2021,2,2021,1,03,31
2021-03-31,Marketable,Treasury Floating Rate Note (FRN),0.141,5,2021,2,2021,1,03,31
2021-03-31,Marketable,Federal Financing Bank,2.644,6,2021,2,2021,1,03,31
2021-03-31,Marketable,Total Marketable,1.499,7,2021,2,2021,1,03,31
2021-03-31,Non-marketable,Domestic Series,7.577,8,2021,2,2021,1,03,31
2021-03-31,Non-marketable,Special Purpose Vehicle,0.010,9,2021,2,2021,1,03,31
2021-03-31,Non-marketable,Foreign Series,7.312,10,2021,2,2021,1,03,31
2021-03-31,Non-marketable,State and Local Government Series,0.871,11,2021,2,2021,1,03,31
2021-03-31,Non-marketable,United States Savings Securities,2.548,12,2021,2,2021,1,03,31
2021-03-31,Non-marketable,United States Savings Inflation Securities,3.269,13,2021,2,2021,1,03,31
2021-03-31,Non-marketable,Government Account Series,2.221,14,2021,2,2021,1,03,31
2021-03-31,Non-marketable,Government Account Series Inflation Securities,1.105,15,2021,2,2021,1,03,31
2021-03-31,Non-marketable,Total Non-marketable,2.185,16,2021,2,2021,1,03,31
2021-03-31,Interest-bearing Debt,Total Interest-bearing Debt,1.656,17,2021,2,2021,1,03,31
2021-03-31,Marketable,Treasury Bills,0.076,1,2021,2,2021,1,03,31
2021-02-28,Marketable,Treasury Bills,0.090,1,2021,2,2021,1,02,28
2021-02-28,Marketable,Treasury Notes,1.661,2,2021,2,2021,1,02,28
2021-02-28,Marketable,Treasury Bonds,3.315,3,2021,2,2021,1,02,28
2021-02-28,Marketable,Treasury Inflation-Protected Securities (TIPS),0.581,4,2021,2,2021,1,02,28
2021-02-28,Marketable,Treasury Floating Rate Note (FRN),0.173,5,2021,2,2021,1,02,28
2021-02-28,Marketable,Federal Financing Bank,2.644,6,2021,2,2021,1,02,28
2021-02-28,Marketable,Total Marketable,1.512,7,2021,2,2021,1,02,28
2021-02-28,Non-marketable,Domestic Series,7.577,8,2021,2,2021,1,02,28
2021-02-28,Non-marketable,Special Purpose Vehicle,0.010,9,2021,2,2021,1,02,28
2021-02-28,Non-marketable,Foreign Series,7.312,10,2021,2,2021,1,02,28
2021-02-28,Non-marketable,State and Local Government Series,0.915,11,2021,2,2021,1,02,28
2021-02-28,Non-marketable,United States Savings Securities,2.598,12,2021,2,2021,1,02,28
2021-02-28,Non-marketable,United States Savings Inflation Securities,3.190,13,2021,2,2021,1,02,28
2021-02-28,Non-marketable,Government Account Series,2.204,14,2021,2,2021,1,02,28
2021-02-28,Non-marketable,Government Account Series Inflation Securities,1.105,15,2021,2,2021,1,02,28
2021-02-28,Non-marketable,Total Non-marketable,2.171,16,2021,2,2021,1,02,28
2021-02-28,Interest-bearing Debt,Total Interest-bearing Debt,1.664,17,2021,2,2021,1,02,28
2021-01-31,Marketable,Treasury Bills,0.109,1,2021,2,2021,1,01,31
2021-01-31,Marketable,Treasury Notes,1.713,2,2021,2,2021,1,01,31
2021-01-31,Marketable,Treasury Bonds,3.364,3,2021,2,2021,1,01,31
2021-01-31,Marketable,Treasury Inflation-Protected Securities (TIPS),0.585,4,2021,2,2021,1,01,31
2021-01-31,Marketable,Treasury Floating Rate Note (FRN),0.229,5,2021,2,2021,1,01,31
2021-01-31,Marketable,Federal Financing Bank,2.644,6,2021,2,2021,1,01,31
2021-01-31,Marketable,Total Marketable,1.541,7,2021,2,2021,1,01,31
2021-01-31,Non-marketable,Domestic Series,7.577,8,2021,2,2021,1,01,31
2021-01-31,Non-marketable,Special Purpose Vehicle,0.050,9,2021,2,2021,1,01,31
2021-01-31,Non-marketable,Foreign Series,7.312,10,2021,2,2021,1,01,31
2021-01-31,Non-marketable,State and Local Government Series,0.950,11,2021,2,2021,1,01,31
2021-01-31,Non-marketable,United States Savings Securities,2.646,12,2021,2,2021,1,01,31
2021-01-31,Non-marketable,United States Savings Inflation Securities,3.105,13,2021,2,2021,1,01,31
2021-01-31,Non-marketable,Government Account Series,2.201,14,2021,2,2021,1,01,31
2021-01-31,Non-marketable,Government Account Series Inflation Securities,1.105,15,2021,2,2021,1,01,31
2021-01-31,Non-marketable,Total Non-marketable,2.170,16,2021,2,2021,1,01,31
2021-01-31,Interest-bearing Debt,Total Interest-bearing Debt,1.687,17,2021,2,2021,1,01,31
2020-12-31,Marketable,Treasury Bills,0.121,1,2021,1,2020,4,12,31
2020-12-31,Marketable,Treasury Notes,1.728,2,2021,1,2020,4,12,31
2020-12-31,Marketable,Treasury Bonds,3.377,3,2021,1,2020,4,12,31
2020-12-31,Marketable,Treasury Inflation-Protected Securities (TIPS),0.613,4,2021,1,2020,4,12,31
2020-12-31,Marketable,Treasury Floating Rate Note (FRN),0.220,5,2021,1,2020,4,12,31
2020-12-31,Marketable,Federal Financing Bank,2.644,6,2021,1,2020,4,12,31
2020-12-31,Marketable,Total Marketable,1.552,7,2021,1,2020,4,12,31
2020-12-31,Non-marketable,Domestic Series,7.848,8,2021,1,2020,4,12,31
2020-12-31,Non-marketable,Special Purpose Vehicle,0.060,9,2021,1,2020,4,12,31
2020-12-31,Non-marketable,Foreign Series,7.312,10,2021,1,2020,4,12,31
2020-12-31,Non-marketable,State and Local Government Series,0.965,11,2021,1,2020,4,12,31
2020-12-31,Non-marketable,United States Savings Securities,2.703,12,2021,1,2020,4,12,31
2020-12-31,Non-marketable,United States Savings Inflation Securities,2.985,13,2021,1,2020,4,12,31
2020-12-31,Non-marketable,Government Account Series,2.210,14,2021,1,2020,4,12,31
2020-12-31,Non-marketable,Government Account Series Inflation Securities,1.105,15,2021,1,2020,4,12,31
2020-12-31,Non-marketable,Total Non-marketable,2.165,16,2021,1,2020,4,12,31
2020-12-31,Interest-bearing Debt,Total Interest-bearing Debt,1.695,17,2021,1,2020,4,12,31
2020-11-30,Marketable,Treasury Bills,0.146,1,2021,1,2020,4,11,30
2020-11-30,Marketable,Treasury Notes,1.769,2,2021,1,2020,4,11,30
2020-11-30,Marketable,Treasury Bonds,3.411,3,2021,1,2020,4,11,30
2020-11-30,Marketable,Treasury Inflation-Protected Securities (TIPS),0.639,4,2021,1,2020,4,11,30
2020-11-30,Marketable,Treasury Floating Rate Note (FRN),0.239,5,2021,1,2020,4,11,30
2020-11-30,Marketable,Federal Financing Bank,2.644,6,2021,1,2020,4,11,30
2020-11-30,Marketable,Total Marketable,1.583,7,2021,1,2020,4,11,30
2020-11-30,Non-marketable,Domestic Series,7.848,8,2021,1,2020,4,11,30
2020-11-30,Non-marketable,Special Purpose Vehicle,0.060,9,2021,1,2020,4,11,30
2020-11-30,Non-marketable,Foreign Series,7.312,10,2021,1,2020,4,11,30
2020-11-30,Non-marketable,State and Local Government Series,0.988,11,2021,1,2020,4,11,30
2020-11-30,Non-marketable,United States Savings Securities,2.765,12,2021,1,2020,4,11,30
2020-11-30,Non-marketable,United States Savings Inflation Securities,2.892,13,2021,1,2020,4,11,30
2020-11-30,Non-marketable,Government Account Series,2.224,14,2021,1,2020,4,11,30
2020-11-30,Non-marketable,Government Account Series Inflation Securities,1.105,15,2021,1,2020,4,11,30
2020-11-30,Non-marketable,Total Non-marketable,2.179,16,2021,1,2020,4,11,30
2020-11-30,Interest-bearing Debt,Total Interest-bearing Debt,1.723,17,2021,1,2020,4,11,30
2020-10-31,Marketable,Treasury Notes,1.844,2,2021,1,2020,4,10,31
2020-10-31,Marketable,Treasury Bonds,3.474,3,2021,1,2020,4,10,31
2020-10-31,Marketable,Treasury Inflation-Protected Securities (TIPS),0.653,4,2021,1,2020,4,10,31
2020-10-31,Marketable,Treasury Floating Rate Note (FRN),0.261,5,2021,1,2020,4,10,31
2020-10-31,Marketable,Federal Financing Bank,2.644,6,2021,1,2020,4,10,31
2020-10-31,Marketable,Total Marketable,1.625,7,2021,1,2020,4,10,31
2020-10-31,Non-marketable,Domestic Series,7.848,8,2021,1,2020,4,10,31
2020-10-31,Non-marketable,Special Purpose Vehicle,0.070,9,2021,1,2020,4,10,31
2020-10-31,Non-marketable,Foreign Series,7.312,10,2021,1,2020,4,10,31
2020-10-31,Non-marketable,State and Local Government Series,1.028,11,2021,1,2020,4,10,31
2020-10-31,Non-marketable,United States Savings Securities,2.816,12,2021,1,2020,4,10,31
2020-10-31,Non-marketable,United States Savings Inflation Securities,2.803,13,2021,1,2020,4,10,31
2020-10-31,Non-marketable,Government Account Series,2.243,14,2021,1,2020,4,10,31
2020-10-31,Non-marketable,Government Account Series Inflation Securities,1.105,15,2021,1,2020,4,10,31
2020-10-31,Non-marketable,Total Non-marketable,2.199,16,2021,1,2020,4,10,31
2020-10-31,Interest-bearing Debt,Total Interest-bearing Debt,1.761,17,2021,1,2020,4,10,31
2020-10-31,Marketable,Treasury Bills,0.161,1,2021,1,2020,4,10,31
2020-09-30,Marketable,Treasury Bills,0.179,1,2020,4,2020,3,09,30
2020-09-30,Marketable,Treasury Notes,1.858,2,2020,4,2020,3,09,30
2020-09-30,Marketable,Treasury Bonds,3.490,3,2020,4,2020,3,09,30
2020-09-30,Marketable,Treasury Inflation-Protected Securities (TIPS),0.677,4,2020,4,2020,3,09,30
2020-09-30,Marketable,Treasury Floating Rate Note (FRN),0.261,5,2020,4,2020,3,09,30
2020-09-30,Marketable,Federal Financing Bank,2.644,6,2020,4,2020,3,09,30
2020-09-30,Marketable,Total Marketable,1.635,7,2020,4,2020,3,09,30
2020-09-30,Non-marketable,Domestic Series,8.044,8,2020,4,2020,3,09,30
2020-09-30,Non-marketable,Special Purpose Vehicle,0.070,9,2020,4,2020,3,09,30
2020-09-30,Non-marketable,Foreign Series,7.312,10,2020,4,2020,3,09,30
2020-09-30,Non-marketable,State and Local Government Series,1.151,11,2020,4,2020,3,09,30
2020-09-30,Non-marketable,United States Savings Securities,2.847,12,2020,4,2020,3,09,30
2020-09-30,Non-marketable,United States Savings Inflation Securities,3.041,13,2020,4,2020,3,09,30
2020-09-30,Non-marketable,Government Account Series,2.256,14,2020,4,2020,3,09,30
2020-09-30,Non-marketable,Government Account Series Inflation Securities,1.257,15,2020,4,2020,3,09,30
2020-09-30,Non-marketable,Total Non-marketable,2.221,16,2020,4,2020,3,09,30
2020-09-30,Interest-bearing Debt,Total Interest-bearing Debt,1.772,17,2020,4,2020,3,09,30
2020-08-31,Marketable,Treasury Bills,0.207,1,2020,4,2020,3,08,31
2020-08-31,Marketable,Treasury Notes,1.898,2,2020,4,2020,3,08,31
2020-08-31,Marketable,Treasury Bonds,3.529,3,2020,4,2020,3,08,31
2020-08-31,Marketable,Treasury Inflation-Protected Securities (TIPS),0.693,4,2020,4,2020,3,08,31
2020-08-31,Marketable,Treasury Floating Rate Note (FRN),0.261,5,2020,4,2020,3,08,31
2020-08-31,Marketable,Federal Financing Bank,2.644,6,2020,4,2020,3,08,31
2020-08-31,Marketable,Total Marketable,1.661,7,2020,4,2020,3,08,31
2020-08-31,Non-marketable,Domestic Series,8.044,8,2020,4,2020,3,08,31
2020-08-31,Non-marketable,Special Purpose Vehicle,0.070,9,2020,4,2020,3,08,31
2020-08-31,Non-marketable,Foreign Series,7.312,10,2020,4,2020,3,08,31
2020-08-31,Non-marketable,State and Local Government Series,1.290,11,2020,4,2020,3,08,31
2020-08-31,Non-marketable,United States Savings Securities,2.875,12,2020,4,2020,3,08,31
2020-08-31,Non-marketable,United States Savings Inflation Securities,3.163,13,2020,4,2020,3,08,31
2020-08-31,Non-marketable,Government Account Series,2.261,14,2020,4,2020,3,08,31
2020-08-31,Non-marketable,Government Account Series Inflation Securities,1.257,15,2020,4,2020,3,08,31
2020-08-31,Non-marketable,Total Non-marketable,2.231,16,2020,4,2020,3,08,31
2020-08-31,Interest-bearing Debt,Total Interest-bearing Debt,1.795,17,2020,4,2020,3,08,31
2020-07-31,Marketable,Treasury Bills,0.266,1,2020,4,2020,3,07,31
2020-07-31,Marketable,Treasury Notes,1.948,2,2020,4,2020,3,07,31
2020-07-31,Marketable,Treasury Bonds,3.622,3,2020,4,2020,3,07,31
2020-07-31,Marketable,Treasury Inflation-Protected Securities (TIPS),0.699,4,2020,4,2020,3,07,31
2020-07-31,Marketable,Treasury Floating Rate Note (FRN),0.266,5,2020,4,2020,3,07,31
2020-07-31,Marketable,Federal Financing Bank,2.644,6,2020,4,2020,3,07,31
2020-07-31,Marketable,Total Marketable,1.714,7,2020,4,2020,3,07,31
2020-07-31,Non-marketable,Domestic Series,8.044,8,2020,4,2020,3,07,31
2020-07-31,Non-marketable,Special Purpose Vehicle,0.070,9,2020,4,2020,3,07,31
2020-07-31,Non-marketable,Foreign Series,7.312,10,2020,4,2020,3,07,31
2020-07-31,Non-marketable,State and Local Government Series,1.388,11,2020,4,2020,3,07,31
2020-07-31,Non-marketable,United States Savings Securities,2.901,12,2020,4,2020,3,07,31
2020-07-31,Non-marketable,United States Savings Inflation Securities,3.295,13,2020,4,2020,3,07,31
2020-07-31,Non-marketable,Government Account Series,2.288,14,2020,4,2020,3,07,31
2020-07-31,Non-marketable,Government Account Series Inflation Securities,1.257,15,2020,4,2020,3,07,31
2020-07-31,Non-marketable,Total Non-marketable,2.259,16,2020,4,2020,3,07,31
2020-07-31,Interest-bearing Debt,Total Interest-bearing Debt,1.842,17,2020,4,2020,3,07,31
2020-06-30,Marketable,Treasury Bills,0.328,1,2020,3,2020,2,06,30
2020-06-30,Marketable,Treasury Notes,1.987,2,2020,3,2020,2,06,30
2020-06-30,Marketable,Treasury Bonds,3.660,3,2020,3,2020,2,06,30
2020-06-30,Marketable,Treasury Inflation-Protected Securities (TIPS),0.723,4,2020,3,2020,2,06,30
2020-06-30,Marketable,Treasury Floating Rate Note (FRN),0.304,5,2020,3,2020,2,06,30
2020-06-30,Marketable,Federal Financing Bank,2.644,6,2020,3,2020,2,06,30
2020-06-30,Marketable,Total Marketable,1.753,7,2020,3,2020,2,06,30
2020-06-30,Non-marketable,Domestic Series,8.043,8,2020,3,2020,2,06,30
2020-06-30,Non-marketable,Special Purpose Vehicle,0.110,9,2020,3,2020,2,06,30
2020-06-30,Non-marketable,Foreign Series,7.312,10,2020,3,2020,2,06,30
2020-06-30,Non-marketable,State and Local Government Series,1.510,11,2020,3,2020,2,06,30
2020-06-30,Non-marketable,United States Savings Securities,2.932,12,2020,3,2020,2,06,30
2020-06-30,Non-marketable,United States Savings Inflation Securities,3.482,13,2020,3,2020,2,06,30
2020-06-30,Non-marketable,Government Account Series,2.284,14,2020,3,2020,2,06,30
2020-06-30,Non-marketable,Government Account Series Inflation Securities,1.257,15,2020,3,2020,2,06,30
2020-06-30,Non-marketable,Total Non-marketable,2.264,16,2020,3,2020,2,06,30
2020-06-30,Interest-bearing Debt,Total Interest-bearing Debt,1.875,17,2020,3,2020,2,06,30
2020-05-31,Non-marketable,United States Savings Securities,2.967,12,2020,3,2020,2,05,31
2020-05-31,Marketable,Treasury Bills,0.403,1,2020,3,2020,2,05,31
2020-05-31,Marketable,Treasury Notes,2.045,2,2020,3,2020,2,05,31
2020-05-31,Marketable,Treasury Bonds,3.716,3,2020,3,2020,2,05,31
2020-05-31,Marketable,Treasury Inflation-Protected Securities (TIPS),0.741,4,2020,3,2020,2,05,31
2020-05-31,Marketable,Treasury Floating Rate Note (FRN),0.287,5,2020,3,2020,2,05,31
2020-05-31,Marketable,Federal Financing Bank,2.685,6,2020,3,2020,2,05,31
2020-05-31,Marketable,Total Marketable,1.843,7,2020,3,2020,2,05,31
2020-05-31,Non-marketable,Domestic Series,8.043,8,2020,3,2020,2,05,31
2020-05-31,Non-marketable,Special Purpose Vehicle,0.090,9,2020,3,2020,2,05,31
2020-05-31,Non-marketable,Foreign Series,7.312,10,2020,3,2020,2,05,31
2020-05-31,Non-marketable,State and Local Government Series,1.630,11,2020,3,2020,2,05,31
2020-05-31,Non-marketable,United States Savings Inflation Securities,3.626,13,2020,3,2020,2,05,31
2020-05-31,Non-marketable,Government Account Series,2.421,14,2020,3,2020,2,05,31
2020-05-31,Non-marketable,Government Account Series Inflation Securities,1.257,15,2020,3,2020,2,05,31
2020-05-31,Non-marketable,Total Non-marketable,2.413,16,2020,3,2020,2,05,31
2020-05-31,Interest-bearing Debt,Total Interest-bearing Debt,1.983,17,2020,3,2020,2,05,31
2020-04-30,Interest-bearing Debt,Total Interest-bearing Debt,2.087,16,2020,3,2020,2,04,30
2020-04-30,Marketable,Treasury Bills,0.596,1,2020,3,2020,2,04,30
2020-04-30,Marketable,Treasury Notes,2.069,2,2020,3,2020,2,04,30
2020-04-30,Marketable,Treasury Bonds,3.764,3,2020,3,2020,2,04,30
2020-04-30,Marketable,Treasury Inflation-Protected Securities (TIPS),0.751,4,2020,3,2020,2,04,30
2020-04-30,Marketable,Treasury Floating Rate Note (FRN),0.285,5,2020,3,2020,2,04,30
2020-04-30,Marketable,Federal Financing Bank,2.685,6,2020,3,2020,2,04,30
2020-04-30,Marketable,Total Marketable,1.964,7,2020,3,2020,2,04,30
2020-04-30,Non-marketable,Domestic Series,8.043,8,2020,3,2020,2,04,30
2020-04-30,Non-marketable,Foreign Series,7.312,9,2020,3,2020,2,04,30
2020-04-30,Non-marketable,State and Local Government Series,1.722,10,2020,3,2020,2,04,30
2020-04-30,Non-marketable,United States Savings Securities,3.000,11,2020,3,2020,2,04,30
2020-04-30,Non-marketable,United States Savings Inflation Securities,3.764,12,2020,3,2020,2,04,30
2020-04-30,Non-marketable,Government Account Series,2.439,13,2020,3,2020,2,04,30
2020-04-30,Non-marketable,Government Account Series Inflation Securities,1.292,14,2020,3,2020,2,04,30
2020-04-30,Non-marketable,Total Non-marketable,2.456,15,2020,3,2020,2,04,30
2020-03-31,Marketable,Treasury Bills,1.216,1,2020,2,2020,1,03,31
2020-03-31,Marketable,Treasury Notes,2.097,2,2020,2,2020,1,03,31
2020-03-31,Marketable,Treasury Bonds,3.784,3,2020,2,2020,1,03,31
2020-03-31,Marketable,Treasury Inflation-Protected Securities (TIPS),0.741,4,2020,2,2020,1,03,31
2020-03-31,Marketable,Treasury Floating Rate Note (FRN),0.148,5,2020,2,2020,1,03,31
2020-03-31,Marketable,Federal Financing Bank,2.685,6,2020,2,2020,1,03,31
2020-03-31,Marketable,Total Marketable,2.213,7,2020,2,2020,1,03,31
2020-03-31,Non-marketable,Domestic Series,8.043,8,2020,2,2020,1,03,31
2020-03-31,Non-marketable,Foreign Series,7.312,9,2020,2,2020,1,03,31
2020-03-31,Non-marketable,State and Local Government Series,1.803,10,2020,2,2020,1,03,31
2020-03-31,Non-marketable,United States Savings Securities,3.042,11,2020,2,2020,1,03,31
2020-03-31,Non-marketable,United States Savings Inflation Securities,3.611,12,2020,2,2020,1,03,31
2020-03-31,Non-marketable,Government Account Series,2.484,13,2020,2,2020,1,03,31
2020-03-31,Non-marketable,Government Account Series Inflation Securities,1.298,14,2020,2,2020,1,03,31
2020-03-31,Non-marketable,Total Non-marketable,2.501,15,2020,2,2020,1,03,31
2020-03-31,Interest-bearing Debt,Total Interest-bearing Debt,2.291,16,2020,2,2020,1,03,31
2020-02-29,Interest-bearing Debt,Total Interest-bearing Debt,2.394,16,2020,2,2020,1,02,29
2020-02-29,Marketable,Treasury Bills,1.643,1,2020,2,2020,1,02,29
2020-02-29,Marketable,Treasury Notes,2.133,2,2020,2,2020,1,02,29
2020-02-29,Marketable,Treasury Bonds,3.803,3,2020,2,2020,1,02,29
2020-02-29,Marketable,Treasury Inflation-Protected Securities (TIPS),0.742,4,2020,2,2020,1,02,29
2020-02-29,Marketable,Treasury Floating Rate Note (FRN),1.650,5,2020,2,2020,1,02,29
2020-02-29,Marketable,Federal Financing Bank,2.685,6,2020,2,2020,1,02,29
2020-02-29,Marketable,Total Marketable,2.320,7,2020,2,2020,1,02,29
2020-02-29,Non-marketable,Domestic Series,8.043,8,2020,2,2020,1,02,29
2020-02-29,Non-marketable,Foreign Series,7.312,9,2020,2,2020,1,02,29
2020-02-29,Non-marketable,State and Local Government Series,1.890,10,2020,2,2020,1,02,29
2020-02-29,Non-marketable,United States Savings Securities,3.081,11,2020,2,2020,1,02,29
2020-02-29,Non-marketable,United States Savings Inflation Securities,3.532,12,2020,2,2020,1,02,29
2020-02-29,Non-marketable,Government Account Series,2.576,13,2020,2,2020,1,02,29
2020-02-29,Non-marketable,Government Account Series Inflation Securities,1.298,14,2020,2,2020,1,02,29
2020-02-29,Non-marketable,Total Non-marketable,2.593,15,2020,2,2020,1,02,29
2020-01-31,Marketable,Treasury Bills,1.683,1,2020,2,2020,1,01,31
2020-01-31,Marketable,Treasury Notes,2.144,2,2020,2,2020,1,01,31
2020-01-31,Marketable,Treasury Bonds,3.841,3,2020,2,2020,1,01,31
2020-01-31,Marketable,Treasury Inflation-Protected Securities (TIPS),0.744,4,2020,2,2020,1,01,31
2020-01-31,Marketable,Treasury Floating Rate Note (FRN),1.674,5,2020,2,2020,1,01,31
2020-01-31,Marketable,Federal Financing Bank,2.685,6,2020,2,2020,1,01,31
2020-01-31,Marketable,Total Marketable,2.344,7,2020,2,2020,1,01,31
2020-01-31,Non-marketable,Domestic Series,8.043,8,2020,2,2020,1,01,31
2020-01-31,Non-marketable,Foreign Series,7.312,9,2020,2,2020,1,01,31
2020-01-31,Non-marketable,State and Local Government Series,1.920,10,2020,2,2020,1,01,31
2020-01-31,Non-marketable,United States Savings Securities,3.118,11,2020,2,2020,1,01,31
2020-01-31,Non-marketable,United States Savings Inflation Securities,3.446,12,2020,2,2020,1,01,31
2020-01-31,Non-marketable,Government Account Series,2.597,13,2020,2,2020,1,01,31
2020-01-31,Non-marketable,Government Account Series Inflation Securities,1.298,14,2020,2,2020,1,01,31
2020-01-31,Non-marketable,Total Non-marketable,2.614,15,2020,2,2020,1,01,31
2020-01-31,Interest-bearing Debt,Total Interest-bearing Debt,2.418,16,2020,2,2020,1,01,31
2019-12-31,Marketable,Total Marketable,2.360,7,2020,1,2019,4,12,31
2019-12-31,Interest-bearing Debt,Total Interest-bearing Debt,2.429,16,2020,1,2019,4,12,31
2019-12-31,Marketable,Treasury Bills,1.761,1,2020,1,2019,4,12,31
2019-12-31,Marketable,Treasury Notes,2.148,2,2020,1,2019,4,12,31
2019-12-31,Marketable,Treasury Bonds,3.852,3,2020,1,2019,4,12,31
2019-12-31,Marketable,Treasury Inflation-Protected Securities (TIPS),0.764,4,2020,1,2019,4,12,31
2019-12-31,Marketable,Treasury Floating Rate Note (FRN),1.670,5,2020,1,2019,4,12,31
2019-12-31,Marketable,Federal Financing Bank,2.685,6,2020,1,2019,4,12,31
2019-12-31,Non-marketable,Domestic Series,8.042,8,2020,1,2019,4,12,31
2019-12-31,Non-marketable,Foreign Series,7.312,9,2020,1,2019,4,12,31
2019-12-31,Non-marketable,State and Local Government Series,1.908,10,2020,1,2019,4,12,31
2019-12-31,Non-marketable,United States Savings Securities,3.163,11,2020,1,2019,4,12,31
2019-12-31,Non-marketable,United States Savings Inflation Securities,3.324,12,2020,1,2019,4,12,31
2019-12-31,Non-marketable,Government Account Series,2.594,13,2020,1,2019,4,12,31
2019-12-31,Non-marketable,Government Account Series Inflation Securities,1.274,14,2020,1,2019,4,12,31
2019-12-31,Non-marketable,Total Non-marketable,2.611,15,2020,1,2019,4,12,31
2019-11-30,Interest-bearing Debt,Total Interest-bearing Debt,2.444,16,2020,1,2019,4,11,30
2019-11-30,Marketable,Treasury Bills,1.840,1,2020,1,2019,4,11,30
2019-11-30,Marketable,Treasury Notes,2.156,2,2020,1,2019,4,11,30
2019-11-30,Marketable,Treasury Bonds,3.863,3,2020,1,2019,4,11,30
2019-11-30,Marketable,Treasury Inflation-Protected Securities (TIPS),0.772,4,2020,1,2019,4,11,30
2019-11-30,Marketable,Treasury Floating Rate Note (FRN),1.684,5,2020,1,2019,4,11,30
2019-11-30,Marketable,Federal Financing Bank,2.685,6,2020,1,2019,4,11,30
2019-11-30,Marketable,Total Marketable,2.378,7,2020,1,2019,4,11,30
2019-11-30,Non-marketable,Domestic Series,8.042,8,2020,1,2019,4,11,30
2019-11-30,Non-marketable,Foreign Series,7.312,9,2020,1,2019,4,11,30
2019-11-30,Non-marketable,State and Local Government Series,1.964,10,2020,1,2019,4,11,30
2019-11-30,Non-marketable,United States Savings Securities,3.213,11,2020,1,2019,4,11,30
2019-11-30,Non-marketable,United States Savings Inflation Securities,3.230,12,2020,1,2019,4,11,30
2019-11-30,Non-marketable,Government Account Series,2.600,13,2020,1,2019,4,11,30
2019-11-30,Non-marketable,Government Account Series Inflation Securities,1.275,14,2020,1,2019,4,11,30
2019-11-30,Non-marketable,Total Non-marketable,2.620,15,2020,1,2019,4,11,30
2019-10-31,Marketable,Treasury Bills,1.975,1,2020,1,2019,4,10,31
2019-10-31,Marketable,Treasury Notes,2.161,2,2020,1,2019,4,10,31
2019-10-31,Marketable,Treasury Bonds,3.880,3,2020,1,2019,4,10,31
2019-10-31,Marketable,Treasury Inflation-Protected Securities (TIPS),0.777,4,2020,1,2019,4,10,31
2019-10-31,Marketable,Treasury Floating Rate Note (FRN),1.750,5,2020,1,2019,4,10,31
2019-10-31,Marketable,Federal Financing Bank,2.685,6,2020,1,2019,4,10,31
2019-10-31,Marketable,Total Marketable,2.404,7,2020,1,2019,4,10,31
2019-10-31,Non-marketable,Domestic Series,8.042,8,2020,1,2019,4,10,31
2019-10-31,Non-marketable,Foreign Series,7.312,9,2020,1,2019,4,10,31
2019-10-31,Non-marketable,State and Local Government Series,2.014,10,2020,1,2019,4,10,31
2019-10-31,Non-marketable,United States Savings Securities,3.254,11,2020,1,2019,4,10,31
2019-10-31,Non-marketable,United States Savings Inflation Securities,3.139,12,2020,1,2019,4,10,31
2019-10-31,Non-marketable,Government Account Series,2.598,13,2020,1,2019,4,10,31
2019-10-31,Non-marketable,Government Account Series Inflation Securities,1.276,14,2020,1,2019,4,10,31
2019-10-31,Non-marketable,Total Non-marketable,2.620,15,2020,1,2019,4,10,31
2019-10-31,Interest-bearing Debt,Total Interest-bearing Debt,2.464,16,2020,1,2019,4,10,31
2019-09-30,Interest-bearing Debt,Total Interest-bearing Debt,2.492,16,2019,4,2019,3,09,30
2019-09-30,Marketable,Treasury Bills,2.136,1,2019,4,2019,3,09,30
2019-09-30,Marketable,Treasury Notes,2.163,2,2019,4,2019,3,09,30
2019-09-30,Marketable,Treasury Bonds,3.892,3,2019,4,2019,3,09,30
2019-09-30,Marketable,Treasury Inflation-Protected Securities (TIPS),0.786,4,2019,4,2019,3,09,30
2019-09-30,Marketable,Treasury Floating Rate Note (FRN),2.008,5,2019,4,2019,3,09,30
2019-09-30,Marketable,Federal Financing Bank,2.685,6,2019,4,2019,3,09,30
2019-09-30,Marketable,Total Marketable,2.436,7,2019,4,2019,3,09,30
2019-09-30,Non-marketable,Domestic Series,7.954,8,2019,4,2019,3,09,30
2019-09-30,Non-marketable,Foreign Series,7.312,9,2019,4,2019,3,09,30
2019-09-30,Non-marketable,State and Local Government Series,2.087,10,2019,4,2019,3,09,30
2019-09-30,Non-marketable,United States Savings Securities,3.270,11,2019,4,2019,3,09,30
2019-09-30,Non-marketable,United States Savings Inflation Securities,3.366,12,2019,4,2019,3,09,30
2019-09-30,Non-marketable,Government Account Series,2.611,13,2019,4,2019,3,09,30
2019-09-30,Non-marketable,Government Account Series Inflation Securities,1.336,14,2019,4,2019,3,09,30
2019-09-30,Non-marketable,Total Non-marketable,2.639,15,2019,4,2019,3,09,30
2019-08-31,Marketable,Treasury Bills,2.226,1,2019,4,2019,3,08,31
2019-08-31,Marketable,Treasury Notes,2.173,2,2019,4,2019,3,08,31
2019-08-31,Marketable,Treasury Bonds,3.903,3,2019,4,2019,3,08,31
2019-08-31,Marketable,Treasury Inflation-Protected Securities (TIPS),0.792,4,2019,4,2019,3,08,31
2019-08-31,Marketable,Treasury Floating Rate Note (FRN),2.044,5,2019,4,2019,3,08,31
2019-08-31,Marketable,Federal Financing Bank,2.685,6,2019,4,2019,3,08,31
2019-08-31,Marketable,Total Marketable,2.463,7,2019,4,2019,3,08,31
2019-08-31,Non-marketable,Domestic Series,7.954,8,2019,4,2019,3,08,31
2019-08-31,Non-marketable,Foreign Series,7.312,9,2019,4,2019,3,08,31
2019-08-31,Non-marketable,State and Local Government Series,2.143,10,2019,4,2019,3,08,31
2019-08-31,Non-marketable,United States Savings Securities,3.283,11,2019,4,2019,3,08,31
2019-08-31,Non-marketable,United States Savings Inflation Securities,3.482,12,2019,4,2019,3,08,31
2019-08-31,Non-marketable,Government Account Series,2.660,13,2019,4,2019,3,08,31
2019-08-31,Non-marketable,Government Account Series Inflation Securities,1.338,14,2019,4,2019,3,08,31
2019-08-31,Non-marketable,Total Non-marketable,2.688,15,2019,4,2019,3,08,31
2019-08-31,Interest-bearing Debt,Total Interest-bearing Debt,2.525,16,2019,4,2019,3,08,31
2019-07-31,Marketable,Treasury Bills,2.341,1,2019,4,2019,3,07,31
2019-07-31,Marketable,Treasury Notes,2.178,2,2019,4,2019,3,07,31
2019-07-31,Marketable,Treasury Bonds,3.959,3,2019,4,2019,3,07,31
2019-07-31,Marketable,Treasury Inflation-Protected Securities (TIPS),0.794,4,2019,4,2019,3,07,31
2019-07-31,Marketable,Treasury Floating Rate Note (FRN),2.128,5,2019,4,2019,3,07,31
2019-07-31,Marketable,Federal Financing Bank,2.685,6,2019,4,2019,3,07,31
2019-07-31,Marketable,Total Marketable,2.492,7,2019,4,2019,3,07,31
2019-07-31,Non-marketable,Domestic Series,7.954,8,2019,4,2019,3,07,31
2019-07-31,Non-marketable,Foreign Series,7.312,9,2019,4,2019,3,07,31
2019-07-31,Non-marketable,State and Local Government Series,2.110,10,2019,4,2019,3,07,31
2019-07-31,Non-marketable,United States Savings Securities,3.297,11,2019,4,2019,3,07,31
2019-07-31,Non-marketable,United States Savings Inflation Securities,3.608,12,2019,4,2019,3,07,31
2019-07-31,Non-marketable,Government Account Series,2.695,13,2019,4,2019,3,07,31
2019-07-31,Non-marketable,Government Account Series Inflation Securities,1.340,14,2019,4,2019,3,07,31
2019-07-31,Non-marketable,Total Non-marketable,2.724,15,2019,4,2019,3,07,31
2019-07-31,Interest-bearing Debt,Total Interest-bearing Debt,2.554,16,2019,4,2019,3,07,31
2019-06-30,Marketable,Federal Financing Bank,2.685,6,2019,3,2019,2,06,30
2019-06-30,Interest-bearing Debt,Total Interest-bearing Debt,2.567,16,2019,3,2019,2,06,30
2019-06-30,Marketable,Treasury Bills,2.417,1,2019,3,2019,2,06,30
2019-06-30,Marketable,Treasury Notes,2.177,2,2019,3,2019,2,06,30
2019-06-30,Marketable,Treasury Bonds,3.969,3,2019,3,2019,2,06,30
2019-06-30,Marketable,Treasury Inflation-Protected Securities (TIPS),0.811,4,2019,3,2019,2,06,30
2019-06-30,Marketable,Treasury Floating Rate Note (FRN),2.136,5,2019,3,2019,2,06,30
2019-06-30,Marketable,Total Marketable,2.507,7,2019,3,2019,2,06,30
2019-06-30,Non-marketable,Domestic Series,7.954,8,2019,3,2019,2,06,30
2019-06-30,Non-marketable,Foreign Series,7.312,9,2019,3,2019,2,06,30
2019-06-30,Non-marketable,State and Local Government Series,2.069,10,2019,3,2019,2,06,30
2019-06-30,Non-marketable,United States Savings Securities,3.313,11,2019,3,2019,2,06,30
2019-06-30,Non-marketable,United States Savings Inflation Securities,3.787,12,2019,3,2019,2,06,30
2019-06-30,Non-marketable,Government Account Series,2.703,13,2019,3,2019,2,06,30
2019-06-30,Non-marketable,Government Account Series Inflation Securities,1.341,14,2019,3,2019,2,06,30
2019-06-30,Non-marketable,Total Non-marketable,2.730,15,2019,3,2019,2,06,30
2019-05-31,Interest-bearing Debt,Total Interest-bearing Debt,2.593,16,2019,3,2019,2,05,31
2019-05-31,Marketable,Treasury Bills,2.474,1,2019,3,2019,2,05,31
2019-05-31,Marketable,Treasury Notes,2.167,2,2019,3,2019,2,05,31
2019-05-31,Marketable,Treasury Bonds,3.979,3,2019,3,2019,2,05,31
2019-05-31,Marketable,Treasury Inflation-Protected Securities (TIPS),0.818,4,2019,3,2019,2,05,31
2019-05-31,Marketable,Treasury Floating Rate Note (FRN),2.407,5,2019,3,2019,2,05,31
2019-05-31,Marketable,Federal Financing Bank,2.860,6,2019,3,2019,2,05,31
2019-05-31,Marketable,Total Marketable,2.508,7,2019,3,2019,2,05,31
2019-05-31,Non-marketable,Domestic Series,7.954,8,2019,3,2019,2,05,31
2019-05-31,Non-marketable,Foreign Series,7.312,9,2019,3,2019,2,05,31
2019-05-31,Non-marketable,State and Local Government Series,2.025,10,2019,3,2019,2,05,31
2019-05-31,Non-marketable,United States Savings Securities,3.330,11,2019,3,2019,2,05,31
2019-05-31,Non-marketable,United States Savings Inflation Securities,3.925,12,2019,3,2019,2,05,31
2019-05-31,Non-marketable,Government Account Series,2.801,13,2019,3,2019,2,05,31
2019-05-31,Non-marketable,Government Account Series Inflation Securities,1.347,14,2019,3,2019,2,05,31
2019-05-31,Non-marketable,Total Non-marketable,2.824,15,2019,3,2019,2,05,31
2019-04-30,Interest-bearing Debt,Total Interest-bearing Debt,2.594,16,2019,3,2019,2,04,30
2019-04-30,Marketable,Treasury Bills,2.488,1,2019,3,2019,2,04,30
2019-04-30,Marketable,Treasury Notes,2.163,2,2019,3,2019,2,04,30
2019-04-30,Marketable,Treasury Bonds,3.991,3,2019,3,2019,2,04,30
2019-04-30,Marketable,Treasury Inflation-Protected Securities (TIPS),0.820,4,2019,3,2019,2,04,30
2019-04-30,Marketable,Treasury Floating Rate Note (FRN),2.468,5,2019,3,2019,2,04,30
2019-04-30,Marketable,Federal Financing Bank,2.860,6,2019,3,2019,2,04,30
2019-04-30,Marketable,Total Marketable,2.507,7,2019,3,2019,2,04,30
2019-04-30,Non-marketable,Domestic Series,7.954,8,2019,3,2019,2,04,30
2019-04-30,Non-marketable,Foreign Series,7.312,9,2019,3,2019,2,04,30
2019-04-30,Non-marketable,State and Local Government Series,1.998,10,2019,3,2019,2,04,30
2019-04-30,Non-marketable,United States Savings Securities,3.346,11,2019,3,2019,2,04,30
2019-04-30,Non-marketable,United States Savings Inflation Securities,4.058,12,2019,3,2019,2,04,30
2019-04-30,Non-marketable,Government Account Series,2.803,13,2019,3,2019,2,04,30
2019-04-30,Non-marketable,Government Account Series Inflation Securities,1.349,14,2019,3,2019,2,04,30
2019-04-30,Non-marketable,Total Non-marketable,2.825,15,2019,3,2019,2,04,30
2019-03-31,Non-marketable,State and Local Government Series,1.986,10,2019,2,2019,1,03,31
2019-03-31,Non-marketable,United States Savings Securities,3.331,11,2019,2,2019,1,03,31
2019-03-31,Non-marketable,United States Savings Inflation Securities,4.034,12,2019,2,2019,1,03,31
2019-03-31,Non-marketable,Government Account Series,2.810,13,2019,2,2019,1,03,31
2019-03-31,Non-marketable,Government Account Series Inflation Securities,1.350,14,2019,2,2019,1,03,31
2019-03-31,Non-marketable,Total Non-marketable,2.831,15,2019,2,2019,1,03,31
2019-03-31,Interest-bearing Debt,Total Interest-bearing Debt,2.590,16,2019,2,2019,1,03,31
2019-03-31,Marketable,Treasury Bills,2.490,1,2019,2,2019,1,03,31
2019-03-31,Marketable,Treasury Notes,2.148,2,2019,2,2019,1,03,31
2019-03-31,Marketable,Treasury Bonds,3.999,3,2019,2,2019,1,03,31
2019-03-31,Marketable,Treasury Inflation-Protected Securities (TIPS),0.791,4,2019,2,2019,1,03,31
2019-03-31,Marketable,Treasury Floating Rate Note (FRN),2.474,5,2019,2,2019,1,03,31
2019-03-31,Marketable,Federal Financing Bank,2.860,6,2019,2,2019,1,03,31
2019-03-31,Marketable,Total Marketable,2.501,7,2019,2,2019,1,03,31
2019-03-31,Non-marketable,Domestic Series,7.953,8,2019,2,2019,1,03,31
2019-03-31,Non-marketable,Foreign Series,7.312,9,2019,2,2019,1,03,31
2019-02-28,Marketable,Treasury Bills,2.467,1,2019,2,2019,1,02,28
2019-02-28,Marketable,Treasury Notes,2.137,2,2019,2,2019,1,02,28
2019-02-28,Marketable,Treasury Bonds,4.006,3,2019,2,2019,1,02,28
2019-02-28,Marketable,Treasury Inflation-Protected Securities (TIPS),0.792,4,2019,2,2019,1,02,28
2019-02-28,Marketable,Treasury Floating Rate Note (FRN),2.454,5,2019,2,2019,1,02,28
2019-02-28,Marketable,Federal Financing Bank,2.860,6,2019,2,2019,1,02,28
2019-02-28,Marketable,Total Marketable,2.488,7,2019,2,2019,1,02,28
2019-02-28,Non-marketable,Domestic Series,7.953,8,2019,2,2019,1,02,28
2019-02-28,Non-marketable,Foreign Series,7.312,9,2019,2,2019,1,02,28
2019-02-28,Non-marketable,State and Local Government Series,1.948,10,2019,2,2019,1,02,28
2019-02-28,Non-marketable,United States Savings Securities,3.319,11,2019,2,2019,1,02,28
2019-02-28,Non-marketable,United States Savings Inflation Securities,4.021,12,2019,2,2019,1,02,28
2019-02-28,Non-marketable,Government Account Series,2.801,13,2019,2,2019,1,02,28
2019-02-28,Non-marketable,Government Account Series Inflation Securities,1.350,14,2019,2,2019,1,02,28
2019-02-28,Non-marketable,Total Non-marketable,2.820,15,2019,2,2019,1,02,28
2019-02-28,Interest-bearing Debt,Total Interest-bearing Debt,2.581,16,2019,2,2019,1,02,28
2019-01-31,Marketable,Treasury Bonds,4.047,3,2019,2,2019,1,01,31
2019-01-31,Marketable,Treasury Inflation-Protected Securities (TIPS),0.791,4,2019,2,2019,1,01,31
2019-01-31,Marketable,Treasury Floating Rate Note (FRN),2.444,5,2019,2,2019,1,01,31
2019-01-31,Marketable,Federal Financing Bank,2.860,6,2019,2,2019,1,01,31
2019-01-31,Marketable,Total Marketable,2.479,7,2019,2,2019,1,01,31
2019-01-31,Non-marketable,Domestic Series,7.953,8,2019,2,2019,1,01,31
2019-01-31,Non-marketable,Foreign Series,7.312,9,2019,2,2019,1,01,31
2019-01-31,Non-marketable,State and Local Government Series,1.897,10,2019,2,2019,1,01,31
2019-01-31,Non-marketable,United States Savings Securities,3.305,11,2019,2,2019,1,01,31
2019-01-31,Non-marketable,United States Savings Inflation Securities,4.005,12,2019,2,2019,1,01,31
2019-01-31,Non-marketable,Government Account Series,2.795,13,2019,2,2019,1,01,31
2019-01-31,Non-marketable,Government Account Series Inflation Securities,1.349,14,2019,2,2019,1,01,31
2019-01-31,Non-marketable,Total Non-marketable,2.814,15,2019,2,2019,1,01,31
2019-01-31,Interest-bearing Debt,Total Interest-bearing Debt,2.574,16,2019,2,2019,1,01,31
2019-01-31,Marketable,Treasury Bills,2.437,1,2019,2,2019,1,01,31
2019-01-31,Marketable,Treasury Notes,2.122,2,2019,2,2019,1,01,31
2018-12-31,Interest-bearing Debt,Total Interest-bearing Debt,2.560,16,2019,1,2018,4,12,31
2018-12-31,Marketable,Treasury Bills,2.368,1,2019,1,2018,4,12,31
2018-12-31,Marketable,Treasury Notes,2.103,2,2019,1,2018,4,12,31
2018-12-31,Marketable,Treasury Bonds,4.055,3,2019,1,2018,4,12,31
2018-12-31,Marketable,Treasury Inflation-Protected Securities (TIPS),0.804,4,2019,1,2018,4,12,31
2018-12-31,Marketable,Treasury Floating Rate Note (FRN),2.474,5,2019,1,2018,4,12,31
2018-12-31,Marketable,Federal Financing Bank,2.860,6,2019,1,2018,4,12,31
2018-12-31,Marketable,Total Marketable,2.455,7,2019,1,2018,4,12,31
2018-12-31,Non-marketable,Domestic Series,7.953,8,2019,1,2018,4,12,31
2018-12-31,Non-marketable,Foreign Series,7.312,9,2019,1,2018,4,12,31
2018-12-31,Non-marketable,State and Local Government Series,1.879,10,2019,1,2018,4,12,31
2018-12-31,Non-marketable,United States Savings Securities,3.291,11,2019,1,2018,4,12,31
2018-12-31,Non-marketable,United States Savings Inflation Securities,3.986,12,2019,1,2018,4,12,31
2018-12-31,Non-marketable,Government Account Series,2.810,13,2019,1,2018,4,12,31
2018-12-31,Non-marketable,Government Account Series Inflation Securities,1.314,14,2019,1,2018,4,12,31
2018-12-31,Non-marketable,Total Non-marketable,2.827,15,2019,1,2018,4,12,31
2018-11-30,Interest-bearing Debt,Total Interest-bearing Debt,2.542,16,2019,1,2018,4,11,30
2018-11-30,Marketable,Treasury Bills,2.293,1,2019,1,2018,4,11,30
2018-11-30,Marketable,Treasury Notes,2.083,2,2019,1,2018,4,11,30
2018-11-30,Marketable,Treasury Bonds,4.061,3,2019,1,2018,4,11,30
2018-11-30,Marketable,Treasury Inflation-Protected Securities (TIPS),0.801,4,2019,1,2018,4,11,30
2018-11-30,Marketable,Treasury Floating Rate Note (FRN),2.424,5,2019,1,2018,4,11,30
2018-11-30,Marketable,Federal Financing Bank,2.860,6,2019,1,2018,4,11,30
2018-11-30,Marketable,Total Marketable,2.429,7,2019,1,2018,4,11,30
2018-11-30,Non-marketable,Domestic Series,7.953,8,2019,1,2018,4,11,30
2018-11-30,Non-marketable,Foreign Series,7.312,9,2019,1,2018,4,11,30
2018-11-30,Non-marketable,State and Local Government Series,1.837,10,2019,1,2018,4,11,30
2018-11-30,Non-marketable,United States Savings Securities,3.274,11,2019,1,2018,4,11,30
2018-11-30,Non-marketable,United States Savings Inflation Securities,3.970,12,2019,1,2018,4,11,30
2018-11-30,Non-marketable,Government Account Series,2.816,13,2019,1,2018,4,11,30
2018-11-30,Non-marketable,Government Account Series Inflation Securities,1.317,14,2019,1,2018,4,11,30
2018-11-30,Non-marketable,Total Non-marketable,2.832,15,2019,1,2018,4,11,30
2018-10-31,Interest-bearing Debt,Total Interest-bearing Debt,2.522,16,2019,1,2018,4,10,31
2018-10-31,Marketable,Treasury Bills,2.203,1,2019,1,2018,4,10,31
2018-10-31,Marketable,Treasury Notes,2.060,2,2019,1,2018,4,10,31
2018-10-31,Marketable,Treasury Bonds,4.085,3,2019,1,2018,4,10,31
2018-10-31,Marketable,Treasury Inflation-Protected Securities (TIPS),0.798,4,2019,1,2018,4,10,31
2018-10-31,Marketable,Treasury Floating Rate Note (FRN),2.355,5,2019,1,2018,4,10,31
2018-10-31,Marketable,Federal Financing Bank,2.860,6,2019,1,2018,4,10,31
2018-10-31,Marketable,Total Marketable,2.402,7,2019,1,2018,4,10,31
2018-10-31,Non-marketable,Domestic Series,7.953,8,2019,1,2018,4,10,31
2018-10-31,Non-marketable,Foreign Series,7.312,9,2019,1,2018,4,10,31
2018-10-31,Non-marketable,State and Local Government Series,1.803,10,2019,1,2018,4,10,31
2018-10-31,Non-marketable,United States Savings Securities,3.239,11,2019,1,2018,4,10,31
2018-10-31,Non-marketable,United States Savings Inflation Securities,4.019,12,2019,1,2018,4,10,31
2018-10-31,Non-marketable,Government Account Series,2.807,13,2019,1,2018,4,10,31
2018-10-31,Non-marketable,Government Account Series Inflation Securities,1.315,14,2019,1,2018,4,10,31
2018-10-31,Non-marketable,Total Non-marketable,2.821,15,2019,1,2018,4,10,31
2018-09-30,Marketable,Treasury Bills,2.118,1,2018,4,2018,3,09,30
2018-09-30,Marketable,Treasury Notes,2.021,2,2018,4,2018,3,09,30
2018-09-30,Marketable,Treasury Bonds,4.090,3,2018,4,2018,3,09,30
2018-09-30,Marketable,Treasury Inflation-Protected Securities (TIPS),0.797,4,2018,4,2018,3,09,30
2018-09-30,Marketable,Treasury Floating Rate Note (FRN),2.248,5,2018,4,2018,3,09,30
2018-09-30,Marketable,Federal Financing Bank,2.860,6,2018,4,2018,3,09,30
2018-09-30,Marketable,Total Marketable,2.365,7,2018,4,2018,3,09,30
2018-09-30,Non-marketable,Domestic Series,7.953,8,2018,4,2018,3,09,30
2018-09-30,Non-marketable,Foreign Series,7.312,9,2018,4,2018,3,09,30
2018-09-30,Non-marketable,State and Local Government Series,1.745,10,2018,4,2018,3,09,30
2018-09-30,Non-marketable,United States Savings Securities,3.239,11,2018,4,2018,3,09,30
2018-09-30,Non-marketable,United States Savings Inflation Securities,4.019,12,2018,4,2018,3,09,30
2018-09-30,Non-marketable,Government Account Series,2.798,13,2018,4,2018,3,09,30
2018-09-30,Non-marketable,Government Account Series Inflation Securities,1.317,14,2018,4,2018,3,09,30
2018-09-30,Non-marketable,Total Non-marketable,2.811,15,2018,4,2018,3,09,30
2018-09-30,Interest-bearing Debt,Total Interest-bearing Debt,2.494,16,2018,4,2018,3,09,30
2018-08-31,Non-marketable,Total Non-marketable,2.812,15,2018,4,2018,3,08,31
2018-08-31,Interest-bearing Debt,Total Interest-bearing Debt,2.472,16,2018,4,2018,3,08,31
2018-08-31,Marketable,Treasury Bills,2.042,1,2018,4,2018,3,08,31
2018-08-31,Marketable,Treasury Notes,2.005,2,2018,4,2018,3,08,31
2018-08-31,Marketable,Treasury Bonds,4.097,3,2018,4,2018,3,08,31
2018-08-31,Marketable,Treasury Inflation-Protected Securities (TIPS),0.796,4,2018,4,2018,3,08,31
2018-08-31,Marketable,Treasury Floating Rate Note (FRN),2.039,5,2018,4,2018,3,08,31
2018-08-31,Marketable,Federal Financing Bank,2.860,6,2018,4,2018,3,08,31
2018-08-31,Marketable,Total Marketable,2.337,7,2018,4,2018,3,08,31
2018-08-31,Non-marketable,Domestic Series,7.953,8,2018,4,2018,3,08,31
2018-08-31,Non-marketable,Foreign Series,7.312,9,2018,4,2018,3,08,31
2018-08-31,Non-marketable,State and Local Government Series,1.717,10,2018,4,2018,3,08,31
2018-08-31,Non-marketable,United States Savings Securities,3.219,11,2018,4,2018,3,08,31
2018-08-31,Non-marketable,United States Savings Inflation Securities,4.051,12,2018,4,2018,3,08,31
2018-08-31,Non-marketable,Government Account Series,2.799,13,2018,4,2018,3,08,31
2018-08-31,Non-marketable,Government Account Series Inflation Securities,1.317,14,2018,4,2018,3,08,31
2018-07-31,Interest-bearing Debt,Total Interest-bearing Debt,2.457,16,2018,4,2018,3,07,31
2018-07-31,Marketable,Treasury Bills,1.969,1,2018,4,2018,3,07,31
2018-07-31,Marketable,Treasury Notes,1.988,2,2018,4,2018,3,07,31
2018-07-31,Marketable,Treasury Bonds,4.107,3,2018,4,2018,3,07,31
2018-07-31,Marketable,Treasury Inflation-Protected Securities (TIPS),0.797,4,2018,4,2018,3,07,31
2018-07-31,Marketable,Treasury Floating Rate Note (FRN),2.040,5,2018,4,2018,3,07,31
2018-07-31,Marketable,Federal Financing Bank,2.860,6,2018,4,2018,3,07,31
2018-07-31,Marketable,Total Marketable,2.316,7,2018,4,2018,3,07,31
2018-07-31,Non-marketable,Domestic Series,7.953,8,2018,4,2018,3,07,31
2018-07-31,Non-marketable,State and Local Government Series,1.664,10,2018,4,2018,3,07,31
2018-07-31,Non-marketable,United States Savings Securities,3.200,11,2018,4,2018,3,07,31
2018-07-31,Non-marketable,United States Savings Inflation Securities,4.085,12,2018,4,2018,3,07,31
2018-07-31,Non-marketable,Government Account Series,2.793,13,2018,4,2018,3,07,31
2018-07-31,Non-marketable,Government Account Series Inflation Securities,1.317,14,2018,4,2018,3,07,31
2018-07-31,Non-marketable,Total Non-marketable,2.804,15,2018,4,2018,3,07,31
2018-07-31,Non-marketable,Foreign Series,7.312,9,2018,4,2018,3,07,31
2018-06-30,Interest-bearing Debt,Total Interest-bearing Debt,2.433,16,2018,3,2018,2,06,30
2018-06-30,Marketable,Treasury Bills,1.891,1,2018,3,2018,2,06,30
2018-06-30,Marketable,Treasury Notes,1.957,2,2018,3,2018,2,06,30
2018-06-30,Marketable,Treasury Bonds,4.115,3,2018,3,2018,2,06,30
2018-06-30,Marketable,Treasury Inflation-Protected Securities (TIPS),0.813,4,2018,3,2018,2,06,30
2018-06-30,Marketable,Treasury Floating Rate Note (FRN),1.984,5,2018,3,2018,2,06,30
2018-06-30,Marketable,Federal Financing Bank,2.860,6,2018,3,2018,2,06,30
2018-06-30,Marketable,Total Marketable,2.287,7,2018,3,2018,2,06,30
2018-06-30,Non-marketable,Domestic Series,7.953,8,2018,3,2018,2,06,30
2018-06-30,Non-marketable,Foreign Series,7.312,9,2018,3,2018,2,06,30
2018-06-30,Non-marketable,State and Local Government Series,1.616,10,2018,3,2018,2,06,30
2018-06-30,Non-marketable,United States Savings Securities,3.178,11,2018,3,2018,2,06,30
2018-06-30,Non-marketable,United States Savings Inflation Securities,4.135,12,2018,3,2018,2,06,30
2018-06-30,Non-marketable,Government Account Series,2.779,13,2018,3,2018,2,06,30
2018-06-30,Non-marketable,Government Account Series Inflation Securities,1.317,14,2018,3,2018,2,06,30
2018-06-30,Non-marketable,Total Non-marketable,2.789,15,2018,3,2018,2,06,30
2018-05-31,Marketable,Treasury Bills,1.808,1,2018,3,2018,2,05,31
2018-05-31,Marketable,Treasury Notes,1.946,2,2018,3,2018,2,05,31
2018-05-31,Marketable,Treasury Bonds,4.122,3,2018,3,2018,2,05,31
2018-05-31,Marketable,Treasury Inflation-Protected Securities (TIPS),0.812,4,2018,3,2018,2,05,31
2018-05-31,Marketable,Treasury Floating Rate Note (FRN),1.981,5,2018,3,2018,2,05,31
2018-05-31,Marketable,Federal Financing Bank,2.966,6,2018,3,2018,2,05,31
2018-05-31,Marketable,Total Marketable,2.262,7,2018,3,2018,2,05,31
2018-05-31,Non-marketable,Domestic Series,7.953,8,2018,3,2018,2,05,31
2018-05-31,Non-marketable,Foreign Series,7.312,9,2018,3,2018,2,05,31
2018-05-31,Non-marketable,State and Local Government Series,1.568,10,2018,3,2018,2,05,31
2018-05-31,Non-marketable,United States Savings Securities,3.152,11,2018,3,2018,2,05,31
2018-05-31,Non-marketable,United States Savings Inflation Securities,4.173,12,2018,3,2018,2,05,31
2018-05-31,Non-marketable,Government Account Series,2.804,13,2018,3,2018,2,05,31
2018-05-31,Non-marketable,Government Account Series Inflation Securities,1.317,14,2018,3,2018,2,05,31
2018-05-31,Non-marketable,Total Non-marketable,2.811,15,2018,3,2018,2,05,31
2018-05-31,Interest-bearing Debt,Total Interest-bearing Debt,2.421,16,2018,3,2018,2,05,31
2018-04-30,Interest-bearing Debt,Total Interest-bearing Debt,2.397,16,2018,3,2018,2,04,30
2018-04-30,Marketable,Treasury Bills,1.694,1,2018,3,2018,2,04,30
2018-04-30,Marketable,Treasury Notes,1.928,2,2018,3,2018,2,04,30
2018-04-30,Marketable,Treasury Bonds,4.149,3,2018,3,2018,2,04,30
2018-04-30,Marketable,Treasury Inflation-Protected Securities (TIPS),0.811,4,2018,3,2018,2,04,30
2018-04-30,Marketable,Treasury Floating Rate Note (FRN),1.919,5,2018,3,2018,2,04,30
2018-04-30,Marketable,Federal Financing Bank,2.966,6,2018,3,2018,2,04,30
2018-04-30,Marketable,Total Marketable,2.235,7,2018,3,2018,2,04,30
2018-04-30,Non-marketable,Domestic Series,7.953,8,2018,3,2018,2,04,30
2018-04-30,Non-marketable,Foreign Series,7.312,9,2018,3,2018,2,04,30
2018-04-30,Non-marketable,State and Local Government Series,1.545,10,2018,3,2018,2,04,30
2018-04-30,Non-marketable,United States Savings Securities,3.131,11,2018,3,2018,2,04,30
2018-04-30,Non-marketable,Government Account Series Inflation Securities,1.317,14,2018,3,2018,2,04,30
2018-04-30,Non-marketable,Total Non-marketable,2.794,15,2018,3,2018,2,04,30
2018-04-30,Non-marketable,United States Savings Inflation Securities,4.211,12,2018,3,2018,2,04,30
2018-04-30,Non-marketable,Government Account Series,2.787,13,2018,3,2018,2,04,30
2018-03-31,Marketable,Treasury Bills,1.600,1,2018,2,2018,1,03,31
2018-03-31,Marketable,Treasury Notes,1.897,2,2018,2,2018,1,03,31
2018-03-31,Marketable,Treasury Bonds,4.156,3,2018,2,2018,1,03,31
2018-03-31,Marketable,Treasury Inflation-Protected Securities (TIPS),0.754,4,2018,2,2018,1,03,31
2018-03-31,Marketable,Treasury Floating Rate Note (FRN),1.868,5,2018,2,2018,1,03,31
2018-03-31,Marketable,Federal Financing Bank,2.966,6,2018,2,2018,1,03,31
2018-03-31,Marketable,Total Marketable,2.195,7,2018,2,2018,1,03,31
2018-03-31,Non-marketable,Domestic Series,7.952,8,2018,2,2018,1,03,31
2018-03-31,Non-marketable,Foreign Series,7.312,9,2018,2,2018,1,03,31
2018-03-31,Non-marketable,State and Local Government Series,1.513,10,2018,2,2018,1,03,31
2018-03-31,Non-marketable,United States Savings Securities,3.136,11,2018,2,2018,1,03,31
2018-03-31,Non-marketable,United States Savings Inflation Securities,4.083,12,2018,2,2018,1,03,31
2018-03-31,Non-marketable,Government Account Series,2.788,13,2018,2,2018,1,03,31
2018-03-31,Non-marketable,Government Account Series Inflation Securities,1.308,14,2018,2,2018,1,03,31
2018-03-31,Non-marketable,Total Non-marketable,2.793,15,2018,2,2018,1,03,31
2018-03-31,Interest-bearing Debt,Total Interest-bearing Debt,2.368,16,2018,2,2018,1,03,31
2018-02-28,Non-marketable,United States Savings Inflation Securities,4.016,12,2018,2,2018,1,02,28
2018-02-28,Non-marketable,Government Account Series,2.771,13,2018,2,2018,1,02,28
2018-02-28,Non-marketable,Government Account Series Inflation Securities,1.308,14,2018,2,2018,1,02,28
2018-02-28,Non-marketable,Total Non-marketable,2.777,15,2018,2,2018,1,02,28
2018-02-28,Interest-bearing Debt,Total Interest-bearing Debt,2.347,16,2018,2,2018,1,02,28
2018-02-28,Marketable,Treasury Bills,1.442,1,2018,2,2018,1,02,28
2018-02-28,Marketable,Treasury Notes,1.886,2,2018,2,2018,1,02,28
2018-02-28,Marketable,Treasury Bonds,4.162,3,2018,2,2018,1,02,28
2018-02-28,Marketable,Treasury Inflation-Protected Securities (TIPS),0.754,4,2018,2,2018,1,02,28
2018-02-28,Marketable,Treasury Floating Rate Note (FRN),1.757,5,2018,2,2018,1,02,28
2018-02-28,Marketable,Federal Financing Bank,2.966,6,2018,2,2018,1,02,28
2018-02-28,Marketable,Total Marketable,2.170,7,2018,2,2018,1,02,28
2018-02-28,Non-marketable,Domestic Series,7.952,8,2018,2,2018,1,02,28
2018-02-28,Non-marketable,Foreign Series,7.312,9,2018,2,2018,1,02,28
2018-02-28,Non-marketable,State and Local Government Series,1.487,10,2018,2,2018,1,02,28
2018-02-28,Non-marketable,United States Savings Securities,3.140,11,2018,2,2018,1,02,28
2018-01-31,Marketable,Treasury Bills,1.338,1,2018,2,2018,1,01,31
2018-01-31,Marketable,Treasury Notes,1.873,2,2018,2,2018,1,01,31
2018-01-31,Marketable,Treasury Bonds,4.172,3,2018,2,2018,1,01,31
2018-01-31,Marketable,Treasury Inflation-Protected Securities (TIPS),0.752,4,2018,2,2018,1,01,31
2018-01-31,Marketable,Treasury Floating Rate Note (FRN),1.537,5,2018,2,2018,1,01,31
2018-01-31,Marketable,Federal Financing Bank,2.966,6,2018,2,2018,1,01,31
2018-01-31,Marketable,Total Marketable,2.149,7,2018,2,2018,1,01,31
2018-01-31,Non-marketable,Domestic Series,7.952,8,2018,2,2018,1,01,31
2018-01-31,Non-marketable,Foreign Series,7.312,9,2018,2,2018,1,01,31
2018-01-31,Non-marketable,State and Local Government Series,1.464,10,2018,2,2018,1,01,31
2018-01-31,Non-marketable,United States Savings Securities,3.144,11,2018,2,2018,1,01,31
2018-01-31,Non-marketable,United States Savings Inflation Securities,3.941,12,2018,2,2018,1,01,31
2018-01-31,Non-marketable,Government Account Series,2.760,13,2018,2,2018,1,01,31
2018-01-31,Non-marketable,Government Account Series Inflation Securities,1.307,14,2018,2,2018,1,01,31
2018-01-31,Non-marketable,Total Non-marketable,2.766,15,2018,2,2018,1,01,31
2018-01-31,Interest-bearing Debt,Total Interest-bearing Debt,2.326,16,2018,2,2018,1,01,31
2017-12-31,Interest-bearing Debt,Total Interest-bearing Debt,2.309,16,2018,1,2017,4,12,31
2017-12-31,Marketable,Treasury Bills,1.248,1,2018,1,2017,4,12,31
2017-12-31,Marketable,Treasury Notes,1.854,2,2018,1,2017,4,12,31
2017-12-31,Marketable,Treasury Bonds,4.180,3,2018,1,2017,4,12,31
2017-12-31,Marketable,Treasury Inflation-Protected Securities (TIPS),0.765,4,2018,1,2017,4,12,31
2017-12-31,Marketable,Treasury Floating Rate Note (FRN),1.579,5,2018,1,2017,4,12,31
2017-12-31,Marketable,Federal Financing Bank,2.966,6,2018,1,2017,4,12,31
2017-12-31,Marketable,Total Marketable,2.126,7,2018,1,2017,4,12,31
2017-12-31,Non-marketable,Domestic Series,7.952,8,2018,1,2017,4,12,31
2017-12-31,Non-marketable,Foreign Series,7.312,9,2018,1,2017,4,12,31
2017-12-31,Non-marketable,State and Local Government Series,1.425,10,2018,1,2017,4,12,31
2017-12-31,Non-marketable,United States Savings Securities,3.148,11,2018,1,2017,4,12,31
2017-12-31,Non-marketable,United States Savings Inflation Securities,3.839,12,2018,1,2017,4,12,31
2017-12-31,Non-marketable,Government Account Series,2.752,13,2018,1,2017,4,12,31
2017-12-31,Non-marketable,Government Account Series Inflation Securities,1.265,14,2018,1,2017,4,12,31
2017-12-31,Non-marketable,Total Non-marketable,2.756,15,2018,1,2017,4,12,31
2017-11-30,Interest-bearing Debt,Total Interest-bearing Debt,2.293,16,2018,1,2017,4,11,30
2017-11-30,Marketable,Treasury Bills,1.165,1,2018,1,2017,4,11,30
2017-11-30,Marketable,Treasury Notes,1.847,2,2018,1,2017,4,11,30
2017-11-30,Marketable,Treasury Bonds,4.188,3,2018,1,2017,4,11,30
2017-11-30,Marketable,Treasury Inflation-Protected Securities (TIPS),0.769,4,2018,1,2017,4,11,30
2017-11-30,Marketable,Treasury Floating Rate Note (FRN),1.423,5,2018,1,2017,4,11,30
2017-11-30,Marketable,Federal Financing Bank,2.966,6,2018,1,2017,4,11,30
2017-11-30,Marketable,Total Marketable,2.105,7,2018,1,2017,4,11,30
2017-11-30,Non-marketable,Domestic Series,7.952,8,2018,1,2017,4,11,30
2017-11-30,Non-marketable,Foreign Series,7.312,9,2018,1,2017,4,11,30
2017-11-30,Non-marketable,State and Local Government Series,1.340,10,2018,1,2017,4,11,30
2017-11-30,Non-marketable,United States Savings Securities,3.153,11,2018,1,2017,4,11,30
2017-11-30,Non-marketable,United States Savings Inflation Securities,3.759,12,2018,1,2017,4,11,30
2017-11-30,Non-marketable,Government Account Series,2.740,13,2018,1,2017,4,11,30
2017-11-30,Non-marketable,Government Account Series Inflation Securities,1.266,14,2018,1,2017,4,11,30
2017-11-30,Non-marketable,Total Non-marketable,2.745,15,2018,1,2017,4,11,30
2017-10-31,Marketable,Federal Financing Bank,2.966,6,2018,1,2017,4,10,31
2017-10-31,Marketable,Total Marketable,2.100,7,2018,1,2017,4,10,31
2017-10-31,Non-marketable,Domestic Series,7.952,8,2018,1,2017,4,10,31
2017-10-31,Non-marketable,Foreign Series,7.312,9,2018,1,2017,4,10,31
2017-10-31,Non-marketable,State and Local Government Series,1.304,10,2018,1,2017,4,10,31
2017-10-31,Non-marketable,United States Savings Securities,3.157,11,2018,1,2017,4,10,31
2017-10-31,Non-marketable,United States Savings Inflation Securities,3.683,12,2018,1,2017,4,10,31
2017-10-31,Non-marketable,Government Account Series,2.727,13,2018,1,2017,4,10,31
2017-10-31,Non-marketable,Government Account Series Inflation Securities,1.266,14,2018,1,2017,4,10,31
2017-10-31,Non-marketable,Total Non-marketable,2.733,15,2018,1,2017,4,10,31
2017-10-31,Interest-bearing Debt,Total Interest-bearing Debt,2.229,16,2018,1,2017,4,10,31
2017-10-31,Marketable,Treasury Bills,1.099,1,2018,1,2017,4,10,31
2017-10-31,Marketable,Treasury Notes,1.844,2,2018,1,2017,4,10,31
2017-10-31,Marketable,Treasury Bonds,4.200,3,2018,1,2017,4,10,31
2017-10-31,Marketable,Treasury Inflation-Protected Securities (TIPS),0.772,4,2018,1,2017,4,10,31
2017-10-31,Marketable,Treasury Floating Rate Note (FRN),1.247,5,2018,1,2017,4,10,31
2017-09-30,Non-marketable,Government Account Series,2.726,13,2017,4,2017,3,09,30
2017-09-30,Non-marketable,Government Account Series Inflation Securities,1.308,14,2017,4,2017,3,09,30
2017-09-30,Non-marketable,Total Non-marketable,2.731,15,2017,4,2017,3,09,30
2017-09-30,Interest-bearing Debt,Total Interest-bearing Debt,2.284,16,2017,4,2017,3,09,30
2017-09-30,Marketable,Treasury Bills,1.071,1,2017,4,2017,3,09,30
2017-09-30,Marketable,Treasury Notes,1.832,2,2017,4,2017,3,09,30
2017-09-30,Marketable,Treasury Bonds,4.208,3,2017,4,2017,3,09,30
2017-09-30,Marketable,Treasury Inflation-Protected Securities (TIPS),0.771,4,2017,4,2017,3,09,30
2017-09-30,Marketable,Treasury Floating Rate Note (FRN),1.208,5,2017,4,2017,3,09,30
2017-09-30,Marketable,Federal Financing Bank,2.966,6,2017,4,2017,3,09,30
2017-09-30,Marketable,Total Marketable,2.094,7,2017,4,2017,3,09,30
2017-09-30,Non-marketable,Domestic Series,7.952,8,2017,4,2017,3,09,30
2017-09-30,Non-marketable,Foreign Series,7.312,9,2017,4,2017,3,09,30
2017-09-30,Non-marketable,State and Local Government Series,1.295,10,2017,4,2017,3,09,30
2017-09-30,Non-marketable,United States Savings Securities,3.133,11,2017,4,2017,3,09,30
2017-09-30,Non-marketable,United States Savings Inflation Securities,3.872,12,2017,4,2017,3,09,30
2017-08-31,Interest-bearing Debt,Total Interest-bearing Debt,2.282,16,2017,4,2017,3,08,31
2017-08-31,Marketable,Treasury Bills,1.035,1,2017,4,2017,3,08,31
2017-08-31,Marketable,Treasury Notes,1.822,2,2017,4,2017,3,08,31
2017-08-31,Marketable,Treasury Bonds,4.217,3,2017,4,2017,3,08,31
2017-08-31,Marketable,Treasury Inflation-Protected Securities (TIPS),0.774,4,2017,4,2017,3,08,31
2017-08-31,Marketable,Treasury Floating Rate Note (FRN),1.182,5,2017,4,2017,3,08,31
2017-08-31,Marketable,Federal Financing Bank,2.966,6,2017,4,2017,3,08,31
2017-08-31,Marketable,Total Marketable,2.084,7,2017,4,2017,3,08,31
2017-08-31,Non-marketable,Domestic Series,7.952,8,2017,4,2017,3,08,31
2017-08-31,Non-marketable,Foreign Series,7.312,9,2017,4,2017,3,08,31
2017-08-31,Non-marketable,State and Local Government Series,1.282,10,2017,4,2017,3,08,31
2017-08-31,Non-marketable,United States Savings Securities,3.111,11,2017,4,2017,3,08,31
2017-08-31,Non-marketable,United States Savings Inflation Securities,3.971,12,2017,4,2017,3,08,31
2017-08-31,Non-marketable,Government Account Series,2.774,13,2017,4,2017,3,08,31
2017-08-31,Non-marketable,Government Account Series Inflation Securities,1.308,14,2017,4,2017,3,08,31
2017-08-31,Non-marketable,Total Non-marketable,2.776,15,2017,4,2017,3,08,31
2017-07-31,Interest-bearing Debt,Total Interest-bearing Debt,2.279,16,2017,4,2017,3,07,31
2017-07-31,Marketable,Treasury Bills,0.972,1,2017,4,2017,3,07,31
2017-07-31,Marketable,Treasury Notes,1.822,2,2017,4,2017,3,07,31
2017-07-31,Marketable,Treasury Bonds,4.257,3,2017,4,2017,3,07,31
2017-07-31,Marketable,Treasury Inflation-Protected Securities (TIPS),0.781,4,2017,4,2017,3,07,31
2017-07-31,Marketable,Treasury Floating Rate Note (FRN),1.346,5,2017,4,2017,3,07,31
2017-07-31,Marketable,Federal Financing Bank,2.966,6,2017,4,2017,3,07,31
2017-07-31,Marketable,Total Marketable,2.080,7,2017,4,2017,3,07,31
2017-07-31,Non-marketable,Domestic Series,7.952,8,2017,4,2017,3,07,31
2017-07-31,Non-marketable,Foreign Series,7.312,9,2017,4,2017,3,07,31
2017-07-31,Non-marketable,State and Local Government Series,1.258,10,2017,4,2017,3,07,31
2017-07-31,Non-marketable,United States Savings Securities,3.089,11,2017,4,2017,3,07,31
2017-07-31,Non-marketable,United States Savings Inflation Securities,4.074,12,2017,4,2017,3,07,31
2017-07-31,Non-marketable,Government Account Series,2.771,13,2017,4,2017,3,07,31
2017-07-31,Non-marketable,Government Account Series Inflation Securities,1.308,14,2017,4,2017,3,07,31
2017-07-31,Non-marketable,Total Non-marketable,2.772,15,2017,4,2017,3,07,31
2017-06-30,Marketable,Treasury Bills,0.895,1,2017,3,2017,2,06,30
2017-06-30,Marketable,Treasury Notes,1.813,2,2017,3,2017,2,06,30
2017-06-30,Marketable,Treasury Bonds,4.266,3,2017,3,2017,2,06,30
2017-06-30,Marketable,Treasury Inflation-Protected Securities (TIPS),0.808,4,2017,3,2017,2,06,30
2017-06-30,Marketable,Treasury Floating Rate Note (FRN),1.162,5,2017,3,2017,2,06,30
2017-06-30,Marketable,Federal Financing Bank,2.966,6,2017,3,2017,2,06,30
2017-06-30,Marketable,Total Marketable,2.066,7,2017,3,2017,2,06,30
2017-06-30,Non-marketable,Domestic Series,7.952,8,2017,3,2017,2,06,30
2017-06-30,Non-marketable,Foreign Series,7.312,9,2017,3,2017,2,06,30
2017-06-30,Non-marketable,State and Local Government Series,1.219,10,2017,3,2017,2,06,30
2017-06-30,Non-marketable,United States Savings Securities,3.063,11,2017,3,2017,2,06,30
2017-06-30,Non-marketable,United States Savings Inflation Securities,4.232,12,2017,3,2017,2,06,30
2017-06-30,Non-marketable,Government Account Series,2.766,13,2017,3,2017,2,06,30
2017-06-30,Non-marketable,Government Account Series Inflation Securities,1.256,14,2017,3,2017,2,06,30
2017-06-30,Non-marketable,Total Non-marketable,2.763,15,2017,3,2017,2,06,30
2017-06-30,Interest-bearing Debt,Total Interest-bearing Debt,2.268,16,2017,3,2017,2,06,30
2017-05-31,Marketable,Treasury Bills,0.798,1,2017,3,2017,2,05,31
2017-05-31,Marketable,Treasury Notes,1.806,2,2017,3,2017,2,05,31
2017-05-31,Marketable,Treasury Bonds,4.275,3,2017,3,2017,2,05,31
2017-05-31,Marketable,Treasury Inflation-Protected Securities (TIPS),0.807,4,2017,3,2017,2,05,31
2017-05-31,Marketable,Treasury Floating Rate Note (FRN),1.126,5,2017,3,2017,2,05,31
2017-05-31,Marketable,Federal Financing Bank,3.080,6,2017,3,2017,2,05,31
2017-05-31,Marketable,Total Marketable,2.044,7,2017,3,2017,2,05,31
2017-05-31,Non-marketable,Domestic Series,7.952,8,2017,3,2017,2,05,31
2017-05-31,Non-marketable,Foreign Series,7.312,9,2017,3,2017,2,05,31
2017-05-31,Non-marketable,State and Local Government Series,1.173,10,2017,3,2017,2,05,31
2017-05-31,Non-marketable,United States Savings Securities,3.052,11,2017,3,2017,2,05,31
2017-05-31,Non-marketable,United States Savings Inflation Securities,4.338,12,2017,3,2017,2,05,31
2017-05-31,Non-marketable,Government Account Series,2.849,13,2017,3,2017,2,05,31
2017-05-31,Non-marketable,Government Account Series Inflation Securities,1.256,14,2017,3,2017,2,05,31
2017-05-31,Non-marketable,Total Non-marketable,2.840,15,2017,3,2017,2,05,31
2017-05-31,Interest-bearing Debt,Total Interest-bearing Debt,2.276,16,2017,3,2017,2,05,31
2017-04-30,Marketable,Treasury Bills,0.731,1,2017,3,2017,2,04,30
2017-04-30,Marketable,Treasury Notes,1.807,2,2017,3,2017,2,04,30
2017-04-30,Marketable,Treasury Bonds,4.324,3,2017,3,2017,2,04,30
2017-04-30,Marketable,Treasury Inflation-Protected Securities (TIPS),0.811,4,2017,3,2017,2,04,30
2017-04-30,Marketable,Treasury Floating Rate Note (FRN),0.997,5,2017,3,2017,2,04,30
2017-04-30,Marketable,Federal Financing Bank,3.080,6,2017,3,2017,2,04,30
2017-04-30,Marketable,Total Marketable,2.045,7,2017,3,2017,2,04,30
2017-04-30,Non-marketable,Domestic Series,7.951,8,2017,3,2017,2,04,30
2017-04-30,Non-marketable,Foreign Series,7.312,9,2017,3,2017,2,04,30
2017-04-30,Non-marketable,State and Local Government Series,1.154,10,2017,3,2017,2,04,30
2017-04-30,Non-marketable,United States Savings Securities,3.024,11,2017,3,2017,2,04,30
2017-04-30,Non-marketable,United States Savings Inflation Securities,4.465,12,2017,3,2017,2,04,30
2017-04-30,Non-marketable,Government Account Series,2.844,13,2017,3,2017,2,04,30
2017-04-30,Non-marketable,Government Account Series Inflation Securities,1.256,14,2017,3,2017,2,04,30
2017-04-30,Non-marketable,Total Non-marketable,2.832,15,2017,3,2017,2,04,30
2017-04-30,Interest-bearing Debt,Total Interest-bearing Debt,2.277,16,2017,3,2017,2,04,30
2017-03-31,Marketable,Treasury Floating Rate Note (FRN),0.944,5,2017,2,2017,1,03,31
2017-03-31,Marketable,Total Marketable,2.027,7,2017,2,2017,1,03,31
2017-03-31,Non-marketable,Domestic Series,7.951,8,2017,2,2017,1,03,31
2017-03-31,Non-marketable,Foreign Series,7.312,9,2017,2,2017,1,03,31
2017-03-31,Non-marketable,State and Local Government Series,1.137,10,2017,2,2017,1,03,31
2017-03-31,Non-marketable,United States Savings Securities,3.033,11,2017,2,2017,1,03,31
2017-03-31,Non-marketable,United States Savings Inflation Securities,4.004,12,2017,2,2017,1,03,31
2017-03-31,Non-marketable,Government Account Series,2.849,13,2017,2,2017,1,03,31
2017-03-31,Non-marketable,Government Account Series Inflation Securities,1.256,14,2017,2,2017,1,03,31
2017-03-31,Marketable,Treasury Bills,0.664,1,2017,2,2017,1,03,31
2017-03-31,Marketable,Treasury Notes,1.801,2,2017,2,2017,1,03,31
2017-03-31,Marketable,Treasury Bonds,4.333,3,2017,2,2017,1,03,31
2017-03-31,Marketable,Treasury Inflation-Protected Securities (TIPS),0.740,4,2017,2,2017,1,03,31
2017-03-31,Marketable,Federal Financing Bank,3.080,6,2017,2,2017,1,03,31
2017-03-31,Non-marketable,Hope Bonds,0.000,15,2017,2,2017,1,03,31
2017-03-31,Non-marketable,Total Non-marketable,2.836,16,2017,2,2017,1,03,31
2017-03-31,Interest-bearing Debt,Total Interest-bearing Debt,2.264,17,2017,2,2017,1,03,31
2017-02-28,Interest-bearing Debt,Total Interest-bearing Debt,2.249,17,2017,2,2017,1,02,28
2017-02-28,Marketable,Treasury Bills,0.571,1,2017,2,2017,1,02,28
2017-02-28,Marketable,Treasury Notes,1.795,2,2017,2,2017,1,02,28
2017-02-28,Marketable,Treasury Bonds,4.340,3,2017,2,2017,1,02,28
2017-02-28,Marketable,Treasury Inflation-Protected Securities (TIPS),0.742,4,2017,2,2017,1,02,28
2017-02-28,Marketable,Treasury Floating Rate Note (FRN),0.682,5,2017,2,2017,1,02,28
2017-02-28,Marketable,Federal Financing Bank,3.080,6,2017,2,2017,1,02,28
2017-02-28,Marketable,Total Marketable,2.009,7,2017,2,2017,1,02,28
2017-02-28,Non-marketable,Domestic Series,7.951,8,2017,2,2017,1,02,28
2017-02-28,Non-marketable,Foreign Series,7.312,9,2017,2,2017,1,02,28
2017-02-28,Non-marketable,State and Local Government Series,1.133,10,2017,2,2017,1,02,28
2017-02-28,Non-marketable,United States Savings Securities,3.043,11,2017,2,2017,1,02,28
2017-02-28,Non-marketable,United States Savings Inflation Securities,3.576,12,2017,2,2017,1,02,28
2017-02-28,Non-marketable,Government Account Series,2.815,13,2017,2,2017,1,02,28
2017-02-28,Non-marketable,Government Account Series Inflation Securities,1.256,14,2017,2,2017,1,02,28
2017-02-28,Non-marketable,Hope Bonds,0.000,15,2017,2,2017,1,02,28
2017-02-28,Non-marketable,Total Non-marketable,2.804,16,2017,2,2017,1,02,28
2017-01-31,Marketable,Treasury Bills,0.543,1,2017,2,2017,1,01,31
2017-01-31,Marketable,Treasury Notes,1.796,2,2017,2,2017,1,01,31
2017-01-31,Marketable,Treasury Bonds,4.352,3,2017,2,2017,1,01,31
2017-01-31,Marketable,Treasury Inflation-Protected Securities (TIPS),0.741,4,2017,2,2017,1,01,31
2017-01-31,Marketable,Treasury Floating Rate Note (FRN),0.673,5,2017,2,2017,1,01,31
2017-01-31,Marketable,Federal Financing Bank,3.080,6,2017,2,2017,1,01,31
2017-01-31,Marketable,Total Marketable,2.004,7,2017,2,2017,1,01,31
2017-01-31,Non-marketable,Domestic Series,7.951,8,2017,2,2017,1,01,31
2017-01-31,Non-marketable,Foreign Series,7.312,9,2017,2,2017,1,01,31
2017-01-31,Non-marketable,State and Local Government Series,1.109,10,2017,2,2017,1,01,31
2017-01-31,Non-marketable,United States Savings Securities,3.052,11,2017,2,2017,1,01,31
2017-01-31,Non-marketable,United States Savings Inflation Securities,3.147,12,2017,2,2017,1,01,31
2017-01-31,Non-marketable,Government Account Series,2.812,13,2017,2,2017,1,01,31
2017-01-31,Non-marketable,Government Account Series Inflation Securities,1.256,14,2017,2,2017,1,01,31
2017-01-31,Non-marketable,Hope Bonds,0.000,15,2017,2,2017,1,01,31
2017-01-31,Non-marketable,Total Non-marketable,2.801,16,2017,2,2017,1,01,31
2017-01-31,Interest-bearing Debt,Total Interest-bearing Debt,2.244,17,2017,2,2017,1,01,31
2016-12-31,Interest-bearing Debt,Total Interest-bearing Debt,2.232,17,2017,1,2016,4,12,31
2016-12-31,Marketable,Treasury Bills,0.504,1,2017,1,2016,4,12,31
2016-12-31,Marketable,Treasury Notes,1.788,2,2017,1,2016,4,12,31
2016-12-31,Marketable,Treasury Bonds,4.362,3,2017,1,2016,4,12,31
2016-12-31,Marketable,Treasury Inflation-Protected Securities (TIPS),0.771,4,2017,1,2016,4,12,31
2016-12-31,Marketable,Treasury Floating Rate Note (FRN),0.652,5,2017,1,2016,4,12,31
2016-12-31,Marketable,Federal Financing Bank,3.080,6,2017,1,2016,4,12,31
2016-12-31,Marketable,Total Marketable,1.986,7,2017,1,2016,4,12,31
2016-12-31,Non-marketable,Domestic Series,7.951,8,2017,1,2016,4,12,31
2016-12-31,Non-marketable,Foreign Series,7.312,9,2017,1,2016,4,12,31
2016-12-31,Non-marketable,State and Local Government Series,1.084,10,2017,1,2016,4,12,31
2016-12-31,Non-marketable,United States Savings Securities,3.061,11,2017,1,2016,4,12,31
2016-12-31,Non-marketable,United States Savings Inflation Securities,2.678,12,2017,1,2016,4,12,31
2016-12-31,Non-marketable,Government Account Series,2.811,13,2017,1,2016,4,12,31
2016-12-31,Non-marketable,Government Account Series Inflation Securities,1.255,14,2017,1,2016,4,12,31
2016-12-31,Non-marketable,Hope Bonds,0.000,15,2017,1,2016,4,12,31
2016-12-31,Non-marketable,Total Non-marketable,2.798,16,2017,1,2016,4,12,31
2016-11-30,Marketable,Treasury Bills,0.442,1,2017,1,2016,4,11,30
2016-11-30,Marketable,Treasury Notes,1.782,2,2017,1,2016,4,11,30
2016-11-30,Marketable,Treasury Bonds,4.370,3,2017,1,2016,4,11,30
2016-11-30,Marketable,Treasury Inflation-Protected Securities (TIPS),0.779,4,2017,1,2016,4,11,30
2016-11-30,Marketable,Treasury Floating Rate Note (FRN),0.607,5,2017,1,2016,4,11,30
2016-11-30,Marketable,Federal Financing Bank,3.080,6,2017,1,2016,4,11,30
2016-11-30,Marketable,Total Marketable,1.964,7,2017,1,2016,4,11,30
2016-11-30,Non-marketable,Domestic Series,7.951,8,2017,1,2016,4,11,30
2016-11-30,Non-marketable,Foreign Series,7.312,9,2017,1,2016,4,11,30
2016-11-30,Non-marketable,State and Local Government Series,1.044,10,2017,1,2016,4,11,30
2016-11-30,Non-marketable,United States Savings Securities,3.075,11,2017,1,2016,4,11,30
2016-11-30,Non-marketable,United States Savings Inflation Securities,2.260,12,2017,1,2016,4,11,30
2016-11-30,Non-marketable,Government Account Series,2.782,13,2017,1,2016,4,11,30
2016-11-30,Non-marketable,Government Account Series Inflation Securities,1.255,14,2017,1,2016,4,11,30
2016-11-30,Non-marketable,Hope Bonds,0.000,15,2017,1,2016,4,11,30
2016-11-30,Non-marketable,Total Non-marketable,2.768,16,2017,1,2016,4,11,30
2016-11-30,Interest-bearing Debt,Total Interest-bearing Debt,2.204,17,2017,1,2016,4,11,30
2016-10-31,Non-marketable,Hope Bonds,0.000,15,2017,1,2016,4,10,31
2016-10-31,Marketable,Treasury Bonds,4.417,3,2017,1,2016,4,10,31
2016-10-31,Marketable,Treasury Inflation-Protected Securities (TIPS),0.783,4,2017,1,2016,4,10,31
2016-10-31,Marketable,Treasury Floating Rate Note (FRN),0.498,5,2017,1,2016,4,10,31
2016-10-31,Marketable,Federal Financing Bank,3.080,6,2017,1,2016,4,10,31
2016-10-31,Marketable,Total Marketable,1.984,7,2017,1,2016,4,10,31
2016-10-31,Non-marketable,Domestic Series,7.951,8,2017,1,2016,4,10,31
2016-10-31,Non-marketable,Foreign Series,7.312,9,2017,1,2016,4,10,31
2016-10-31,Non-marketable,State and Local Government Series,1.048,10,2017,1,2016,4,10,31
2016-10-31,Non-marketable,United States Savings Securities,3.086,11,2017,1,2016,4,10,31
2016-10-31,Non-marketable,United States Savings Inflation Securities,1.839,12,2017,1,2016,4,10,31
2016-10-31,Non-marketable,Government Account Series,2.765,13,2017,1,2016,4,10,31
2016-10-31,Non-marketable,Government Account Series Inflation Securities,1.254,14,2017,1,2016,4,10,31
2016-10-31,Non-marketable,Total Non-marketable,2.752,16,2017,1,2016,4,10,31
2016-10-31,Interest-bearing Debt,Total Interest-bearing Debt,2.216,17,2017,1,2016,4,10,31
2016-10-31,Marketable,Treasury Bills,0.416,1,2017,1,2016,4,10,31
2016-10-31,Marketable,Treasury Notes,1.784,2,2017,1,2016,4,10,31
